,SEQUOIA 0.7.0,,,,,,
/home/ms23af/sequoiarsync/parallel-sequoia/testing/data/oxfordcorpus-fixed-dl-SROIQ/00001.owl.DL.owl.SROIQ.owl,#VALUE!,,,,,,
/home/ms23af/sequoiarsync/parallel-sequoia/testing/data/oxfordcorpus-fixed-dl-SROIQ/00002.owl.DL.owl.SROIQ.owl,#VALUE!,,,,,,
/home/ms23af/sequoiarsync/parallel-sequoia/testing/data/oxfordcorpus-fixed-dl-SROIQ/00003.owl.DL.owl.SROIQ.owl,#VALUE!,,,,,,
/home/ms23af/sequoiarsync/parallel-sequoia/testing/data/oxfordcorpus-fixed-dl-SROIQ/00004.owl.DL.owl.SROIQ.owl,#VALUE!,,,,,,
/home/ms23af/sequoiarsync/parallel-sequoia/testing/data/oxfordcorpus-fixed-dl-SROIQ/00005.owl.DL.owl.SROIQ.owl,#VALUE!,,,,,,
/home/ms23af/sequoiarsync/parallel-sequoia/testing/data/oxfordcorpus-fixed-dl-SROIQ/00006.owl.DL.owl.SROIQ.owl,#VALUE!,,,,,,
/home/ms23af/sequoiarsync/parallel-sequoia/testing/data/oxfordcorpus-fixed-dl-SROIQ/00007.owl.DL.owl.SROIQ.owl,#VALUE!,,,,,,
/home/ms23af/sequoiarsync/parallel-sequoia/testing/data/oxfordcorpus-fixed-dl-SROIQ/00008.owl.DL.owl.SROIQ.owl,#VALUE!,,,,,,
/home/ms23af/sequoiarsync/parallel-sequoia/testing/data/oxfordcorpus-fixed-dl-SROIQ/00009.owl.DL.owl.SROIQ.owl,#VALUE!,,,,,,
/home/ms23af/sequoiarsync/parallel-sequoia/testing/data/oxfordcorpus-fixed-dl-SROIQ/00010.owl.DL.owl.SROIQ.owl,#VALUE!,,,,,,#VALUE!
/home/ms23af/sequoiarsync/parallel-sequoia/testing/data/oxfordcorpus-fixed-dl-SROIQ/00011.owl.DL.owl.SROIQ.owl,#VALUE!,,,,,,#VALUE!
/home/ms23af/sequoiarsync/parallel-sequoia/testing/data/oxfordcorpus-fixed-dl-SROIQ/00012.owl.DL.owl.SROIQ.owl,#VALUE!,,,,,,
/home/ms23af/sequoiarsync/parallel-sequoia/testing/data/oxfordcorpus-fixed-dl-SROIQ/00013.owl.DL.owl.SROIQ.owl,#VALUE!,,,,,,
/home/ms23af/sequoiarsync/parallel-sequoia/testing/data/oxfordcorpus-fixed-dl-SROIQ/00014.owl.DL.owl.SROIQ.owl,#VALUE!,,,,,,
/home/ms23af/sequoiarsync/parallel-sequoia/testing/data/oxfordcorpus-fixed-dl-SROIQ/00015.owl.DL.owl.SROIQ.owl,#VALUE!,,,,,,
/home/ms23af/sequoiarsync/parallel-sequoia/testing/data/oxfordcorpus-fixed-dl-SROIQ/00016.owl.DL.owl.SROIQ.owl,#VALUE!,,,,,/home/ms23af/sequoiarsync/parallel-sequoia/testing/data/oxfordcorpus-fixed-dl-SROIQ/00043.owl.DL.owl.SROIQ.owl,/home/ms23af/sequoiarsync/parallel-sequoia/testing/harnesses-code/sequoia-chinensis/target/scala-2.12/sequoia-chinensis-harness-assembly-0.1.0.jar
/home/ms23af/sequoiarsync/parallel-sequoia/testing/data/oxfordcorpus-fixed-dl-SROIQ/00017.owl.DL.owl.SROIQ.owl,#VALUE!,,,,,/home/ms23af/sequoiarsync/parallel-sequoia/testing/data/oxfordcorpus-fixed-dl-SROIQ/00043.owl.DL.owl.SROIQ.owl/home/ms23af/sequoiarsync/parallel-sequoia/testing/harnesses-code/sequoia-chinensis/target/scala-2.12/sequoia-chinensis-harness-assembly-0.1.0.jar,
/home/ms23af/sequoiarsync/parallel-sequoia/testing/data/oxfordcorpus-fixed-dl-SROIQ/00018.owl.DL.owl.SROIQ.owl,#VALUE!,,,,,#VALUE!,
/home/ms23af/sequoiarsync/parallel-sequoia/testing/data/oxfordcorpus-fixed-dl-SROIQ/00019.owl.DL.owl.SROIQ.owl,#VALUE!,,,,,,
/home/ms23af/sequoiarsync/parallel-sequoia/testing/data/oxfordcorpus-fixed-dl-SROIQ/00020.owl.DL.owl.SROIQ.owl,#VALUE!,,,,,,
/home/ms23af/sequoiarsync/parallel-sequoia/testing/data/oxfordcorpus-fixed-dl-SROIQ/00021.owl.DL.owl.SROIQ.owl,#VALUE!,,,,,,
/home/ms23af/sequoiarsync/parallel-sequoia/testing/data/oxfordcorpus-fixed-dl-SROIQ/00022.owl.DL.owl.SROIQ.owl,#VALUE!,,,,,,
/home/ms23af/sequoiarsync/parallel-sequoia/testing/data/oxfordcorpus-fixed-dl-SROIQ/00023.owl.DL.owl.SROIQ.owl,#VALUE!,,,,,,
/home/ms23af/sequoiarsync/parallel-sequoia/testing/data/oxfordcorpus-fixed-dl-SROIQ/00024.owl.DL.owl.SROIQ.owl,,,,,,,
/home/ms23af/sequoiarsync/parallel-sequoia/testing/data/oxfordcorpus-fixed-dl-SROIQ/00025.owl.DL.owl.SROIQ.owl,,,,,,,
/home/ms23af/sequoiarsync/parallel-sequoia/testing/data/oxfordcorpus-fixed-dl-SROIQ/00026.owl.DL.owl.SROIQ.owl,,,,,,,
/home/ms23af/sequoiarsync/parallel-sequoia/testing/data/oxfordcorpus-fixed-dl-SROIQ/00027.owl.DL.owl.SROIQ.owl,,,,,,,
/home/ms23af/sequoiarsync/parallel-sequoia/testing/data/oxfordcorpus-fixed-dl-SROIQ/00028.owl.DL.owl.SROIQ.owl,,,,,,,
/home/ms23af/sequoiarsync/parallel-sequoia/testing/data/oxfordcorpus-fixed-dl-SROIQ/00029.owl.DL.owl.SROIQ.owl,,,,,,,
/home/ms23af/sequoiarsync/parallel-sequoia/testing/data/oxfordcorpus-fixed-dl-SROIQ/00030.owl.DL.owl.SROIQ.owl,,,,,,,
/home/ms23af/sequoiarsync/parallel-sequoia/testing/data/oxfordcorpus-fixed-dl-SROIQ/00031.owl.DL.owl.SROIQ.owl,,,,,,,
/home/ms23af/sequoiarsync/parallel-sequoia/testing/data/oxfordcorpus-fixed-dl-SROIQ/00032.owl.DL.owl.SROIQ.owl,,,,,,,
/home/ms23af/sequoiarsync/parallel-sequoia/testing/data/oxfordcorpus-fixed-dl-SROIQ/00033.owl.DL.owl.SROIQ.owl,,,,,,,
/home/ms23af/sequoiarsync/parallel-sequoia/testing/data/oxfordcorpus-fixed-dl-SROIQ/00034.owl.DL.owl.SROIQ.owl,,,,,,,
/home/ms23af/sequoiarsync/parallel-sequoia/testing/data/oxfordcorpus-fixed-dl-SROIQ/00035.owl.DL.owl.SROIQ.owl,,,,,,,
/home/ms23af/sequoiarsync/parallel-sequoia/testing/data/oxfordcorpus-fixed-dl-SROIQ/00036.owl.DL.owl.SROIQ.owl,,,,,,,
/home/ms23af/sequoiarsync/parallel-sequoia/testing/data/oxfordcorpus-fixed-dl-SROIQ/00037.owl.DL.owl.SROIQ.owl,,,,,,,
/home/ms23af/sequoiarsync/parallel-sequoia/testing/data/oxfordcorpus-fixed-dl-SROIQ/00038.owl.DL.owl.SROIQ.owl,,,,,,,
/home/ms23af/sequoiarsync/parallel-sequoia/testing/data/oxfordcorpus-fixed-dl-SROIQ/00039.owl.DL.owl.SROIQ.owl,,,,,,,
/home/ms23af/sequoiarsync/parallel-sequoia/testing/data/oxfordcorpus-fixed-dl-SROIQ/00040.owl.DL.owl.SROIQ.owl,,,,,,,
/home/ms23af/sequoiarsync/parallel-sequoia/testing/data/oxfordcorpus-fixed-dl-SROIQ/00041.owl.DL.owl.SROIQ.owl,,,,,,,
/home/ms23af/sequoiarsync/parallel-sequoia/testing/data/oxfordcorpus-fixed-dl-SROIQ/00042.owl.DL.owl.SROIQ.owl,,,,,,,
/home/ms23af/sequoiarsync/parallel-sequoia/testing/data/oxfordcorpus-fixed-dl-SROIQ/00043.owl.DL.owl.SROIQ.owl,,,,,,,
/home/ms23af/sequoiarsync/parallel-sequoia/testing/data/oxfordcorpus-fixed-dl-SROIQ/00044.owl.DL.owl.SROIQ.owl,,,,,,,
/home/ms23af/sequoiarsync/parallel-sequoia/testing/data/oxfordcorpus-fixed-dl-SROIQ/00045.owl.DL.owl.SROIQ.owl,,,,,,,
/home/ms23af/sequoiarsync/parallel-sequoia/testing/data/oxfordcorpus-fixed-dl-SROIQ/00046.owl.DL.owl.SROIQ.owl,,,,,,,
/home/ms23af/sequoiarsync/parallel-sequoia/testing/data/oxfordcorpus-fixed-dl-SROIQ/00047.owl.DL.owl.SROIQ.owl,,,,,,,
/home/ms23af/sequoiarsync/parallel-sequoia/testing/data/oxfordcorpus-fixed-dl-SROIQ/00048.owl.DL.owl.SROIQ.owl,,,,,,,
/home/ms23af/sequoiarsync/parallel-sequoia/testing/data/oxfordcorpus-fixed-dl-SROIQ/00049.owl.DL.owl.SROIQ.owl,,,,,,,
/home/ms23af/sequoiarsync/parallel-sequoia/testing/data/oxfordcorpus-fixed-dl-SROIQ/00050.owl.DL.owl.SROIQ.owl,,,,,,,
/home/ms23af/sequoiarsync/parallel-sequoia/testing/data/oxfordcorpus-fixed-dl-SROIQ/00051.owl.DL.owl.SROIQ.owl,,,,,,,
/home/ms23af/sequoiarsync/parallel-sequoia/testing/data/oxfordcorpus-fixed-dl-SROIQ/00052.owl.DL.owl.SROIQ.owl,,,,,,,
/home/ms23af/sequoiarsync/parallel-sequoia/testing/data/oxfordcorpus-fixed-dl-SROIQ/00053.owl.DL.owl.SROIQ.owl,,,,,,,
/home/ms23af/sequoiarsync/parallel-sequoia/testing/data/oxfordcorpus-fixed-dl-SROIQ/00054.owl.DL.owl.SROIQ.owl,,,,,,,
/home/ms23af/sequoiarsync/parallel-sequoia/testing/data/oxfordcorpus-fixed-dl-SROIQ/00055.owl.DL.owl.SROIQ.owl,,,,,,,
/home/ms23af/sequoiarsync/parallel-sequoia/testing/data/oxfordcorpus-fixed-dl-SROIQ/00056.owl.DL.owl.SROIQ.owl,,,,,,,
/home/ms23af/sequoiarsync/parallel-sequoia/testing/data/oxfordcorpus-fixed-dl-SROIQ/00057.owl.DL.owl.SROIQ.owl,,,,,,,
/home/ms23af/sequoiarsync/parallel-sequoia/testing/data/oxfordcorpus-fixed-dl-SROIQ/00058.owl.DL.owl.SROIQ.owl,,,,,,,
/home/ms23af/sequoiarsync/parallel-sequoia/testing/data/oxfordcorpus-fixed-dl-SROIQ/00059.owl.DL.owl.SROIQ.owl,,,,,,,
/home/ms23af/sequoiarsync/parallel-sequoia/testing/data/oxfordcorpus-fixed-dl-SROIQ/00060.owl.DL.owl.SROIQ.owl,,,,,,,
/home/ms23af/sequoiarsync/parallel-sequoia/testing/data/oxfordcorpus-fixed-dl-SROIQ/00061.owl.DL.owl.SROIQ.owl,,,,,,,
/home/ms23af/sequoiarsync/parallel-sequoia/testing/data/oxfordcorpus-fixed-dl-SROIQ/00062.owl.DL.owl.SROIQ.owl,,,,,,,
/home/ms23af/sequoiarsync/parallel-sequoia/testing/data/oxfordcorpus-fixed-dl-SROIQ/00063.owl.DL.owl.SROIQ.owl,,,,,,,
/home/ms23af/sequoiarsync/parallel-sequoia/testing/data/oxfordcorpus-fixed-dl-SROIQ/00064.owl.DL.owl.SROIQ.owl,,,,,,,
/home/ms23af/sequoiarsync/parallel-sequoia/testing/data/oxfordcorpus-fixed-dl-SROIQ/00065.owl.DL.owl.SROIQ.owl,,,,,,,
/home/ms23af/sequoiarsync/parallel-sequoia/testing/data/oxfordcorpus-fixed-dl-SROIQ/00066.owl.DL.owl.SROIQ.owl,,,,,,,
/home/ms23af/sequoiarsync/parallel-sequoia/testing/data/oxfordcorpus-fixed-dl-SROIQ/00067.owl.DL.owl.SROIQ.owl,,,,,,,
/home/ms23af/sequoiarsync/parallel-sequoia/testing/data/oxfordcorpus-fixed-dl-SROIQ/00068.owl.DL.owl.SROIQ.owl,,,,,,,
/home/ms23af/sequoiarsync/parallel-sequoia/testing/data/oxfordcorpus-fixed-dl-SROIQ/00069.owl.DL.owl.SROIQ.owl,,,,,,,
/home/ms23af/sequoiarsync/parallel-sequoia/testing/data/oxfordcorpus-fixed-dl-SROIQ/00070.owl.DL.owl.SROIQ.owl,,,,,,,
/home/ms23af/sequoiarsync/parallel-sequoia/testing/data/oxfordcorpus-fixed-dl-SROIQ/00071.owl.DL.owl.SROIQ.owl,,,,,,,
/home/ms23af/sequoiarsync/parallel-sequoia/testing/data/oxfordcorpus-fixed-dl-SROIQ/00072.owl.DL.owl.SROIQ.owl,,,,,,,
/home/ms23af/sequoiarsync/parallel-sequoia/testing/data/oxfordcorpus-fixed-dl-SROIQ/00073.owl.DL.owl.SROIQ.owl,,,,,,,
/home/ms23af/sequoiarsync/parallel-sequoia/testing/data/oxfordcorpus-fixed-dl-SROIQ/00074.owl.DL.owl.SROIQ.owl,,,,,,,
/home/ms23af/sequoiarsync/parallel-sequoia/testing/data/oxfordcorpus-fixed-dl-SROIQ/00075.owl.DL.owl.SROIQ.owl,,,,,,,
/home/ms23af/sequoiarsync/parallel-sequoia/testing/data/oxfordcorpus-fixed-dl-SROIQ/00076.owl.DL.owl.SROIQ.owl,,,,,,,
/home/ms23af/sequoiarsync/parallel-sequoia/testing/data/oxfordcorpus-fixed-dl-SROIQ/00077.owl.DL.owl.SROIQ.owl,,,,,,,
/home/ms23af/sequoiarsync/parallel-sequoia/testing/data/oxfordcorpus-fixed-dl-SROIQ/00078.owl.DL.owl.SROIQ.owl,,,,,,,
/home/ms23af/sequoiarsync/parallel-sequoia/testing/data/oxfordcorpus-fixed-dl-SROIQ/00079.owl.DL.owl.SROIQ.owl,,,,,,,
/home/ms23af/sequoiarsync/parallel-sequoia/testing/data/oxfordcorpus-fixed-dl-SROIQ/00080.owl.DL.owl.SROIQ.owl,,,,,,,
/home/ms23af/sequoiarsync/parallel-sequoia/testing/data/oxfordcorpus-fixed-dl-SROIQ/00081.owl.DL.owl.SROIQ.owl,,,,,,,
/home/ms23af/sequoiarsync/parallel-sequoia/testing/data/oxfordcorpus-fixed-dl-SROIQ/00082.owl.DL.owl.SROIQ.owl,,,,,,,
/home/ms23af/sequoiarsync/parallel-sequoia/testing/data/oxfordcorpus-fixed-dl-SROIQ/00083.owl.DL.owl.SROIQ.owl,,,,,,,
/home/ms23af/sequoiarsync/parallel-sequoia/testing/data/oxfordcorpus-fixed-dl-SROIQ/00084.owl.DL.owl.SROIQ.owl,,,,,,,
/home/ms23af/sequoiarsync/parallel-sequoia/testing/data/oxfordcorpus-fixed-dl-SROIQ/00085.owl.DL.owl.SROIQ.owl,,,,,,,
/home/ms23af/sequoiarsync/parallel-sequoia/testing/data/oxfordcorpus-fixed-dl-SROIQ/00086.owl.DL.owl.SROIQ.owl,,,,,,,
/home/ms23af/sequoiarsync/parallel-sequoia/testing/data/oxfordcorpus-fixed-dl-SROIQ/00087.owl.DL.owl.SROIQ.owl,,,,,,,
/home/ms23af/sequoiarsync/parallel-sequoia/testing/data/oxfordcorpus-fixed-dl-SROIQ/00088.owl.DL.owl.SROIQ.owl,,,,,,,
/home/ms23af/sequoiarsync/parallel-sequoia/testing/data/oxfordcorpus-fixed-dl-SROIQ/00089.owl.DL.owl.SROIQ.owl,,,,,,,
/home/ms23af/sequoiarsync/parallel-sequoia/testing/data/oxfordcorpus-fixed-dl-SROIQ/00090.owl.DL.owl.SROIQ.owl,,,,,,,
/home/ms23af/sequoiarsync/parallel-sequoia/testing/data/oxfordcorpus-fixed-dl-SROIQ/00091.owl.DL.owl.SROIQ.owl,,,,,,,
/home/ms23af/sequoiarsync/parallel-sequoia/testing/data/oxfordcorpus-fixed-dl-SROIQ/00092.owl.DL.owl.SROIQ.owl,,,,,,,
/home/ms23af/sequoiarsync/parallel-sequoia/testing/data/oxfordcorpus-fixed-dl-SROIQ/00093.owl.DL.owl.SROIQ.owl,,,,,,,
/home/ms23af/sequoiarsync/parallel-sequoia/testing/data/oxfordcorpus-fixed-dl-SROIQ/00094.owl.DL.owl.SROIQ.owl,,,,,,,
/home/ms23af/sequoiarsync/parallel-sequoia/testing/data/oxfordcorpus-fixed-dl-SROIQ/00095.owl.DL.owl.SROIQ.owl,,,,,,,
/home/ms23af/sequoiarsync/parallel-sequoia/testing/data/oxfordcorpus-fixed-dl-SROIQ/00096.owl.DL.owl.SROIQ.owl,,,,,,,
/home/ms23af/sequoiarsync/parallel-sequoia/testing/data/oxfordcorpus-fixed-dl-SROIQ/00097.owl.DL.owl.SROIQ.owl,,,,,,,
/home/ms23af/sequoiarsync/parallel-sequoia/testing/data/oxfordcorpus-fixed-dl-SROIQ/00098.owl.DL.owl.SROIQ.owl,,,,,,,
/home/ms23af/sequoiarsync/parallel-sequoia/testing/data/oxfordcorpus-fixed-dl-SROIQ/00099.owl.DL.owl.SROIQ.owl,,,,,,,
/home/ms23af/sequoiarsync/parallel-sequoia/testing/data/oxfordcorpus-fixed-dl-SROIQ/00100.owl.DL.owl.SROIQ.owl,,,,,,,
/home/ms23af/sequoiarsync/parallel-sequoia/testing/data/oxfordcorpus-fixed-dl-SROIQ/00101.owl.DL.owl.SROIQ.owl,,,,,,,
/home/ms23af/sequoiarsync/parallel-sequoia/testing/data/oxfordcorpus-fixed-dl-SROIQ/00102.owl.DL.owl.SROIQ.owl,,,,,,,
/home/ms23af/sequoiarsync/parallel-sequoia/testing/data/oxfordcorpus-fixed-dl-SROIQ/00103.owl.DL.owl.SROIQ.owl,,,,,,,
/home/ms23af/sequoiarsync/parallel-sequoia/testing/data/oxfordcorpus-fixed-dl-SROIQ/00104.owl.DL.owl.SROIQ.owl,,,,,,,
/home/ms23af/sequoiarsync/parallel-sequoia/testing/data/oxfordcorpus-fixed-dl-SROIQ/00105.owl.DL.owl.SROIQ.owl,,,,,,,
/home/ms23af/sequoiarsync/parallel-sequoia/testing/data/oxfordcorpus-fixed-dl-SROIQ/00106.owl.DL.owl.SROIQ.owl,,,,,,,
/home/ms23af/sequoiarsync/parallel-sequoia/testing/data/oxfordcorpus-fixed-dl-SROIQ/00107.owl.DL.owl.SROIQ.owl,,,,,,,
/home/ms23af/sequoiarsync/parallel-sequoia/testing/data/oxfordcorpus-fixed-dl-SROIQ/00108.owl.DL.owl.SROIQ.owl,,,,,,,
/home/ms23af/sequoiarsync/parallel-sequoia/testing/data/oxfordcorpus-fixed-dl-SROIQ/00109.owl.DL.owl.SROIQ.owl,,,,,,,
/home/ms23af/sequoiarsync/parallel-sequoia/testing/data/oxfordcorpus-fixed-dl-SROIQ/00110.owl.DL.owl.SROIQ.owl,,,,,,,
/home/ms23af/sequoiarsync/parallel-sequoia/testing/data/oxfordcorpus-fixed-dl-SROIQ/00111.owl.DL.owl.SROIQ.owl,,,,,,,
/home/ms23af/sequoiarsync/parallel-sequoia/testing/data/oxfordcorpus-fixed-dl-SROIQ/00112.owl.DL.owl.SROIQ.owl,,,,,,,
/home/ms23af/sequoiarsync/parallel-sequoia/testing/data/oxfordcorpus-fixed-dl-SROIQ/00113.owl.DL.owl.SROIQ.owl,,,,,,,
/home/ms23af/sequoiarsync/parallel-sequoia/testing/data/oxfordcorpus-fixed-dl-SROIQ/00114.owl.DL.owl.SROIQ.owl,,,,,,,
/home/ms23af/sequoiarsync/parallel-sequoia/testing/data/oxfordcorpus-fixed-dl-SROIQ/00115.owl.DL.owl.SROIQ.owl,,,,,,,
/home/ms23af/sequoiarsync/parallel-sequoia/testing/data/oxfordcorpus-fixed-dl-SROIQ/00116.owl.DL.owl.SROIQ.owl,,,,,,,
/home/ms23af/sequoiarsync/parallel-sequoia/testing/data/oxfordcorpus-fixed-dl-SROIQ/00117.owl.DL.owl.SROIQ.owl,,,,,,,
/home/ms23af/sequoiarsync/parallel-sequoia/testing/data/oxfordcorpus-fixed-dl-SROIQ/00118.owl.DL.owl.SROIQ.owl,,,,,,,
/home/ms23af/sequoiarsync/parallel-sequoia/testing/data/oxfordcorpus-fixed-dl-SROIQ/00119.owl.DL.owl.SROIQ.owl,,,,,,,
/home/ms23af/sequoiarsync/parallel-sequoia/testing/data/oxfordcorpus-fixed-dl-SROIQ/00120.owl.DL.owl.SROIQ.owl,,,,,,,
/home/ms23af/sequoiarsync/parallel-sequoia/testing/data/oxfordcorpus-fixed-dl-SROIQ/00121.owl.DL.owl.SROIQ.owl,,,,,,,
/home/ms23af/sequoiarsync/parallel-sequoia/testing/data/oxfordcorpus-fixed-dl-SROIQ/00122.owl.DL.owl.SROIQ.owl,,,,,,,
/home/ms23af/sequoiarsync/parallel-sequoia/testing/data/oxfordcorpus-fixed-dl-SROIQ/00123.owl.DL.owl.SROIQ.owl,,,,,,,
/home/ms23af/sequoiarsync/parallel-sequoia/testing/data/oxfordcorpus-fixed-dl-SROIQ/00124.owl.DL.owl.SROIQ.owl,,,,,,,
/home/ms23af/sequoiarsync/parallel-sequoia/testing/data/oxfordcorpus-fixed-dl-SROIQ/00125.owl.DL.owl.SROIQ.owl,,,,,,,
/home/ms23af/sequoiarsync/parallel-sequoia/testing/data/oxfordcorpus-fixed-dl-SROIQ/00126.owl.DL.owl.SROIQ.owl,,,,,,,
/home/ms23af/sequoiarsync/parallel-sequoia/testing/data/oxfordcorpus-fixed-dl-SROIQ/00127.owl.DL.owl.SROIQ.owl,,,,,,,
/home/ms23af/sequoiarsync/parallel-sequoia/testing/data/oxfordcorpus-fixed-dl-SROIQ/00128.owl.DL.owl.SROIQ.owl,,,,,,,
/home/ms23af/sequoiarsync/parallel-sequoia/testing/data/oxfordcorpus-fixed-dl-SROIQ/00129.owl.DL.owl.SROIQ.owl,,,,,,,
/home/ms23af/sequoiarsync/parallel-sequoia/testing/data/oxfordcorpus-fixed-dl-SROIQ/00130.owl.DL.owl.SROIQ.owl,,,,,,,
/home/ms23af/sequoiarsync/parallel-sequoia/testing/data/oxfordcorpus-fixed-dl-SROIQ/00131.owl.DL.owl.SROIQ.owl,,,,,,,
/home/ms23af/sequoiarsync/parallel-sequoia/testing/data/oxfordcorpus-fixed-dl-SROIQ/00132.owl.DL.owl.SROIQ.owl,,,,,,,
/home/ms23af/sequoiarsync/parallel-sequoia/testing/data/oxfordcorpus-fixed-dl-SROIQ/00133.owl.DL.owl.SROIQ.owl,,,,,,,
/home/ms23af/sequoiarsync/parallel-sequoia/testing/data/oxfordcorpus-fixed-dl-SROIQ/00134.owl.DL.owl.SROIQ.owl,,,,,,,
/home/ms23af/sequoiarsync/parallel-sequoia/testing/data/oxfordcorpus-fixed-dl-SROIQ/00135.owl.DL.owl.SROIQ.owl,,,,,,,
/home/ms23af/sequoiarsync/parallel-sequoia/testing/data/oxfordcorpus-fixed-dl-SROIQ/00136.owl.DL.owl.SROIQ.owl,,,,,,,
/home/ms23af/sequoiarsync/parallel-sequoia/testing/data/oxfordcorpus-fixed-dl-SROIQ/00137.owl.DL.owl.SROIQ.owl,,,,,,,
/home/ms23af/sequoiarsync/parallel-sequoia/testing/data/oxfordcorpus-fixed-dl-SROIQ/00138.owl.DL.owl.SROIQ.owl,,,,,,,
/home/ms23af/sequoiarsync/parallel-sequoia/testing/data/oxfordcorpus-fixed-dl-SROIQ/00139.owl.DL.owl.SROIQ.owl,,,,,,,
/home/ms23af/sequoiarsync/parallel-sequoia/testing/data/oxfordcorpus-fixed-dl-SROIQ/00140.owl.DL.owl.SROIQ.owl,,,,,,,
/home/ms23af/sequoiarsync/parallel-sequoia/testing/data/oxfordcorpus-fixed-dl-SROIQ/00141.owl.DL.owl.SROIQ.owl,,,,,,,
/home/ms23af/sequoiarsync/parallel-sequoia/testing/data/oxfordcorpus-fixed-dl-SROIQ/00142.owl.DL.owl.SROIQ.owl,,,,,,,
/home/ms23af/sequoiarsync/parallel-sequoia/testing/data/oxfordcorpus-fixed-dl-SROIQ/00143.owl.DL.owl.SROIQ.owl,,,,,,,
/home/ms23af/sequoiarsync/parallel-sequoia/testing/data/oxfordcorpus-fixed-dl-SROIQ/00144.owl.DL.owl.SROIQ.owl,,,,,,,
/home/ms23af/sequoiarsync/parallel-sequoia/testing/data/oxfordcorpus-fixed-dl-SROIQ/00145.owl.DL.owl.SROIQ.owl,,,,,,,
/home/ms23af/sequoiarsync/parallel-sequoia/testing/data/oxfordcorpus-fixed-dl-SROIQ/00146.owl.DL.owl.SROIQ.owl,,,,,,,
/home/ms23af/sequoiarsync/parallel-sequoia/testing/data/oxfordcorpus-fixed-dl-SROIQ/00147.owl.DL.owl.SROIQ.owl,,,,,,,
/home/ms23af/sequoiarsync/parallel-sequoia/testing/data/oxfordcorpus-fixed-dl-SROIQ/00148.owl.DL.owl.SROIQ.owl,,,,,,,
/home/ms23af/sequoiarsync/parallel-sequoia/testing/data/oxfordcorpus-fixed-dl-SROIQ/00149.owl.DL.owl.SROIQ.owl,,,,,,,
/home/ms23af/sequoiarsync/parallel-sequoia/testing/data/oxfordcorpus-fixed-dl-SROIQ/00150.owl.DL.owl.SROIQ.owl,,,,,,,
/home/ms23af/sequoiarsync/parallel-sequoia/testing/data/oxfordcorpus-fixed-dl-SROIQ/00151.owl.DL.owl.SROIQ.owl,,,,,,,
/home/ms23af/sequoiarsync/parallel-sequoia/testing/data/oxfordcorpus-fixed-dl-SROIQ/00152.owl.DL.owl.SROIQ.owl,,,,,,,
/home/ms23af/sequoiarsync/parallel-sequoia/testing/data/oxfordcorpus-fixed-dl-SROIQ/00153.owl.DL.owl.SROIQ.owl,,,,,,,
/home/ms23af/sequoiarsync/parallel-sequoia/testing/data/oxfordcorpus-fixed-dl-SROIQ/00154.owl.DL.owl.SROIQ.owl,,,,,,,
/home/ms23af/sequoiarsync/parallel-sequoia/testing/data/oxfordcorpus-fixed-dl-SROIQ/00155.owl.DL.owl.SROIQ.owl,,,,,,,
/home/ms23af/sequoiarsync/parallel-sequoia/testing/data/oxfordcorpus-fixed-dl-SROIQ/00156.owl.DL.owl.SROIQ.owl,,,,,,,
/home/ms23af/sequoiarsync/parallel-sequoia/testing/data/oxfordcorpus-fixed-dl-SROIQ/00157.owl.DL.owl.SROIQ.owl,,,,,,,
/home/ms23af/sequoiarsync/parallel-sequoia/testing/data/oxfordcorpus-fixed-dl-SROIQ/00158.owl.DL.owl.SROIQ.owl,,,,,,,
/home/ms23af/sequoiarsync/parallel-sequoia/testing/data/oxfordcorpus-fixed-dl-SROIQ/00159.owl.DL.owl.SROIQ.owl,,,,,,,
/home/ms23af/sequoiarsync/parallel-sequoia/testing/data/oxfordcorpus-fixed-dl-SROIQ/00160.owl.DL.owl.SROIQ.owl,,,,,,,
/home/ms23af/sequoiarsync/parallel-sequoia/testing/data/oxfordcorpus-fixed-dl-SROIQ/00161.owl.DL.owl.SROIQ.owl,,,,,,,
/home/ms23af/sequoiarsync/parallel-sequoia/testing/data/oxfordcorpus-fixed-dl-SROIQ/00162.owl.DL.owl.SROIQ.owl,,,,,,,
/home/ms23af/sequoiarsync/parallel-sequoia/testing/data/oxfordcorpus-fixed-dl-SROIQ/00163.owl.DL.owl.SROIQ.owl,,,,,,,
/home/ms23af/sequoiarsync/parallel-sequoia/testing/data/oxfordcorpus-fixed-dl-SROIQ/00164.owl.DL.owl.SROIQ.owl,,,,,,,
/home/ms23af/sequoiarsync/parallel-sequoia/testing/data/oxfordcorpus-fixed-dl-SROIQ/00165.owl.DL.owl.SROIQ.owl,,,,,,,
/home/ms23af/sequoiarsync/parallel-sequoia/testing/data/oxfordcorpus-fixed-dl-SROIQ/00166.owl.DL.owl.SROIQ.owl,,,,,,,
/home/ms23af/sequoiarsync/parallel-sequoia/testing/data/oxfordcorpus-fixed-dl-SROIQ/00167.owl.DL.owl.SROIQ.owl,,,,,,,
/home/ms23af/sequoiarsync/parallel-sequoia/testing/data/oxfordcorpus-fixed-dl-SROIQ/00168.owl.DL.owl.SROIQ.owl,,,,,,,
/home/ms23af/sequoiarsync/parallel-sequoia/testing/data/oxfordcorpus-fixed-dl-SROIQ/00169.owl.DL.owl.SROIQ.owl,,,,,,,
/home/ms23af/sequoiarsync/parallel-sequoia/testing/data/oxfordcorpus-fixed-dl-SROIQ/00170.owl.DL.owl.SROIQ.owl,,,,,,,
/home/ms23af/sequoiarsync/parallel-sequoia/testing/data/oxfordcorpus-fixed-dl-SROIQ/00171.owl.DL.owl.SROIQ.owl,,,,,,,
/home/ms23af/sequoiarsync/parallel-sequoia/testing/data/oxfordcorpus-fixed-dl-SROIQ/00172.owl.DL.owl.SROIQ.owl,,,,,,,
/home/ms23af/sequoiarsync/parallel-sequoia/testing/data/oxfordcorpus-fixed-dl-SROIQ/00173.owl.DL.owl.SROIQ.owl,,,,,,,
/home/ms23af/sequoiarsync/parallel-sequoia/testing/data/oxfordcorpus-fixed-dl-SROIQ/00174.owl.DL.owl.SROIQ.owl,,,,,,,
/home/ms23af/sequoiarsync/parallel-sequoia/testing/data/oxfordcorpus-fixed-dl-SROIQ/00175.owl.DL.owl.SROIQ.owl,,,,,,,
/home/ms23af/sequoiarsync/parallel-sequoia/testing/data/oxfordcorpus-fixed-dl-SROIQ/00176.owl.DL.owl.SROIQ.owl,,,,,,,
/home/ms23af/sequoiarsync/parallel-sequoia/testing/data/oxfordcorpus-fixed-dl-SROIQ/00177.owl.DL.owl.SROIQ.owl,,,,,,,
/home/ms23af/sequoiarsync/parallel-sequoia/testing/data/oxfordcorpus-fixed-dl-SROIQ/00178.owl.DL.owl.SROIQ.owl,,,,,,,
/home/ms23af/sequoiarsync/parallel-sequoia/testing/data/oxfordcorpus-fixed-dl-SROIQ/00179.owl.DL.owl.SROIQ.owl,,,,,,,
/home/ms23af/sequoiarsync/parallel-sequoia/testing/data/oxfordcorpus-fixed-dl-SROIQ/00180.owl.DL.owl.SROIQ.owl,,,,,,,
/home/ms23af/sequoiarsync/parallel-sequoia/testing/data/oxfordcorpus-fixed-dl-SROIQ/00181.owl.DL.owl.SROIQ.owl,,,,,,,
/home/ms23af/sequoiarsync/parallel-sequoia/testing/data/oxfordcorpus-fixed-dl-SROIQ/00182.owl.DL.owl.SROIQ.owl,,,,,,,
/home/ms23af/sequoiarsync/parallel-sequoia/testing/data/oxfordcorpus-fixed-dl-SROIQ/00183.owl.DL.owl.SROIQ.owl,,,,,,,
/home/ms23af/sequoiarsync/parallel-sequoia/testing/data/oxfordcorpus-fixed-dl-SROIQ/00184.owl.DL.owl.SROIQ.owl,,,,,,,
/home/ms23af/sequoiarsync/parallel-sequoia/testing/data/oxfordcorpus-fixed-dl-SROIQ/00185.owl.DL.owl.SROIQ.owl,,,,,,,
/home/ms23af/sequoiarsync/parallel-sequoia/testing/data/oxfordcorpus-fixed-dl-SROIQ/00186.owl.DL.owl.SROIQ.owl,,,,,,,
/home/ms23af/sequoiarsync/parallel-sequoia/testing/data/oxfordcorpus-fixed-dl-SROIQ/00187.owl.DL.owl.SROIQ.owl,,,,,,,
/home/ms23af/sequoiarsync/parallel-sequoia/testing/data/oxfordcorpus-fixed-dl-SROIQ/00188.owl.DL.owl.SROIQ.owl,,,,,,,
/home/ms23af/sequoiarsync/parallel-sequoia/testing/data/oxfordcorpus-fixed-dl-SROIQ/00189.owl.DL.owl.SROIQ.owl,,,,,,,
/home/ms23af/sequoiarsync/parallel-sequoia/testing/data/oxfordcorpus-fixed-dl-SROIQ/00190.owl.DL.owl.SROIQ.owl,,,,,,,
/home/ms23af/sequoiarsync/parallel-sequoia/testing/data/oxfordcorpus-fixed-dl-SROIQ/00191.owl.DL.owl.SROIQ.owl,,,,,,,
/home/ms23af/sequoiarsync/parallel-sequoia/testing/data/oxfordcorpus-fixed-dl-SROIQ/00192.owl.DL.owl.SROIQ.owl,,,,,,,
/home/ms23af/sequoiarsync/parallel-sequoia/testing/data/oxfordcorpus-fixed-dl-SROIQ/00193.owl.DL.owl.SROIQ.owl,,,,,,,
/home/ms23af/sequoiarsync/parallel-sequoia/testing/data/oxfordcorpus-fixed-dl-SROIQ/00194.owl.DL.owl.SROIQ.owl,,,,,,,
/home/ms23af/sequoiarsync/parallel-sequoia/testing/data/oxfordcorpus-fixed-dl-SROIQ/00195.owl.DL.owl.SROIQ.owl,,,,,,,
/home/ms23af/sequoiarsync/parallel-sequoia/testing/data/oxfordcorpus-fixed-dl-SROIQ/00196.owl.DL.owl.SROIQ.owl,,,,,,,
/home/ms23af/sequoiarsync/parallel-sequoia/testing/data/oxfordcorpus-fixed-dl-SROIQ/00197.owl.DL.owl.SROIQ.owl,,,,,,,
/home/ms23af/sequoiarsync/parallel-sequoia/testing/data/oxfordcorpus-fixed-dl-SROIQ/00198.owl.DL.owl.SROIQ.owl,,,,,,,
/home/ms23af/sequoiarsync/parallel-sequoia/testing/data/oxfordcorpus-fixed-dl-SROIQ/00199.owl.DL.owl.SROIQ.owl,,,,,,,
/home/ms23af/sequoiarsync/parallel-sequoia/testing/data/oxfordcorpus-fixed-dl-SROIQ/00200.owl.DL.owl.SROIQ.owl,,,,,,,
/home/ms23af/sequoiarsync/parallel-sequoia/testing/data/oxfordcorpus-fixed-dl-SROIQ/00201.owl.DL.owl.SROIQ.owl,,,,,,,
/home/ms23af/sequoiarsync/parallel-sequoia/testing/data/oxfordcorpus-fixed-dl-SROIQ/00202.owl.DL.owl.SROIQ.owl,,,,,,,
/home/ms23af/sequoiarsync/parallel-sequoia/testing/data/oxfordcorpus-fixed-dl-SROIQ/00203.owl.DL.owl.SROIQ.owl,,,,,,,
/home/ms23af/sequoiarsync/parallel-sequoia/testing/data/oxfordcorpus-fixed-dl-SROIQ/00204.owl.DL.owl.SROIQ.owl,,,,,,,
/home/ms23af/sequoiarsync/parallel-sequoia/testing/data/oxfordcorpus-fixed-dl-SROIQ/00205.owl.DL.owl.SROIQ.owl,,,,,,,
/home/ms23af/sequoiarsync/parallel-sequoia/testing/data/oxfordcorpus-fixed-dl-SROIQ/00206.owl.DL.owl.SROIQ.owl,,,,,,,
/home/ms23af/sequoiarsync/parallel-sequoia/testing/data/oxfordcorpus-fixed-dl-SROIQ/00207.owl.DL.owl.SROIQ.owl,,,,,,,
/home/ms23af/sequoiarsync/parallel-sequoia/testing/data/oxfordcorpus-fixed-dl-SROIQ/00208.owl.DL.owl.SROIQ.owl,,,,,,,
/home/ms23af/sequoiarsync/parallel-sequoia/testing/data/oxfordcorpus-fixed-dl-SROIQ/00209.owl.DL.owl.SROIQ.owl,,,,,,,
/home/ms23af/sequoiarsync/parallel-sequoia/testing/data/oxfordcorpus-fixed-dl-SROIQ/00210.owl.DL.owl.SROIQ.owl,,,,,,,
/home/ms23af/sequoiarsync/parallel-sequoia/testing/data/oxfordcorpus-fixed-dl-SROIQ/00211.owl.DL.owl.SROIQ.owl,,,,,,,
/home/ms23af/sequoiarsync/parallel-sequoia/testing/data/oxfordcorpus-fixed-dl-SROIQ/00212.owl.DL.owl.SROIQ.owl,,,,,,,
/home/ms23af/sequoiarsync/parallel-sequoia/testing/data/oxfordcorpus-fixed-dl-SROIQ/00213.owl.DL.owl.SROIQ.owl,,,,,,,
/home/ms23af/sequoiarsync/parallel-sequoia/testing/data/oxfordcorpus-fixed-dl-SROIQ/00214.owl.DL.owl.SROIQ.owl,,,,,,,
/home/ms23af/sequoiarsync/parallel-sequoia/testing/data/oxfordcorpus-fixed-dl-SROIQ/00215.owl.DL.owl.SROIQ.owl,,,,,,,
/home/ms23af/sequoiarsync/parallel-sequoia/testing/data/oxfordcorpus-fixed-dl-SROIQ/00216.owl.DL.owl.SROIQ.owl,,,,,,,
/home/ms23af/sequoiarsync/parallel-sequoia/testing/data/oxfordcorpus-fixed-dl-SROIQ/00217.owl.DL.owl.SROIQ.owl,,,,,,,
/home/ms23af/sequoiarsync/parallel-sequoia/testing/data/oxfordcorpus-fixed-dl-SROIQ/00218.owl.DL.owl.SROIQ.owl,,,,,,,
/home/ms23af/sequoiarsync/parallel-sequoia/testing/data/oxfordcorpus-fixed-dl-SROIQ/00219.owl.DL.owl.SROIQ.owl,,,,,,,
/home/ms23af/sequoiarsync/parallel-sequoia/testing/data/oxfordcorpus-fixed-dl-SROIQ/00220.owl.DL.owl.SROIQ.owl,,,,,,,
/home/ms23af/sequoiarsync/parallel-sequoia/testing/data/oxfordcorpus-fixed-dl-SROIQ/00221.owl.DL.owl.SROIQ.owl,,,,,,,
/home/ms23af/sequoiarsync/parallel-sequoia/testing/data/oxfordcorpus-fixed-dl-SROIQ/00222.owl.DL.owl.SROIQ.owl,,,,,,,
/home/ms23af/sequoiarsync/parallel-sequoia/testing/data/oxfordcorpus-fixed-dl-SROIQ/00223.owl.DL.owl.SROIQ.owl,,,,,,,
/home/ms23af/sequoiarsync/parallel-sequoia/testing/data/oxfordcorpus-fixed-dl-SROIQ/00224.owl.DL.owl.SROIQ.owl,,,,,,,
/home/ms23af/sequoiarsync/parallel-sequoia/testing/data/oxfordcorpus-fixed-dl-SROIQ/00225.owl.DL.owl.SROIQ.owl,,,,,,,
/home/ms23af/sequoiarsync/parallel-sequoia/testing/data/oxfordcorpus-fixed-dl-SROIQ/00226.owl.DL.owl.SROIQ.owl,,,,,,,
/home/ms23af/sequoiarsync/parallel-sequoia/testing/data/oxfordcorpus-fixed-dl-SROIQ/00227.owl.DL.owl.SROIQ.owl,,,,,,,
/home/ms23af/sequoiarsync/parallel-sequoia/testing/data/oxfordcorpus-fixed-dl-SROIQ/00228.owl.DL.owl.SROIQ.owl,,,,,,,
/home/ms23af/sequoiarsync/parallel-sequoia/testing/data/oxfordcorpus-fixed-dl-SROIQ/00229.owl.DL.owl.SROIQ.owl,,,,,,,
/home/ms23af/sequoiarsync/parallel-sequoia/testing/data/oxfordcorpus-fixed-dl-SROIQ/00230.owl.DL.owl.SROIQ.owl,,,,,,,
/home/ms23af/sequoiarsync/parallel-sequoia/testing/data/oxfordcorpus-fixed-dl-SROIQ/00231.owl.DL.owl.SROIQ.owl,,,,,,,
/home/ms23af/sequoiarsync/parallel-sequoia/testing/data/oxfordcorpus-fixed-dl-SROIQ/00232.owl.DL.owl.SROIQ.owl,,,,,,,
/home/ms23af/sequoiarsync/parallel-sequoia/testing/data/oxfordcorpus-fixed-dl-SROIQ/00233.owl.DL.owl.SROIQ.owl,,,,,,,
/home/ms23af/sequoiarsync/parallel-sequoia/testing/data/oxfordcorpus-fixed-dl-SROIQ/00234.owl.DL.owl.SROIQ.owl,,,,,,,
/home/ms23af/sequoiarsync/parallel-sequoia/testing/data/oxfordcorpus-fixed-dl-SROIQ/00235.owl.DL.owl.SROIQ.owl,,,,,,,
/home/ms23af/sequoiarsync/parallel-sequoia/testing/data/oxfordcorpus-fixed-dl-SROIQ/00236.owl.DL.owl.SROIQ.owl,,,,,,,
/home/ms23af/sequoiarsync/parallel-sequoia/testing/data/oxfordcorpus-fixed-dl-SROIQ/00237.owl.DL.owl.SROIQ.owl,,,,,,,
/home/ms23af/sequoiarsync/parallel-sequoia/testing/data/oxfordcorpus-fixed-dl-SROIQ/00238.owl.DL.owl.SROIQ.owl,,,,,,,
/home/ms23af/sequoiarsync/parallel-sequoia/testing/data/oxfordcorpus-fixed-dl-SROIQ/00239.owl.DL.owl.SROIQ.owl,,,,,,,
/home/ms23af/sequoiarsync/parallel-sequoia/testing/data/oxfordcorpus-fixed-dl-SROIQ/00240.owl.DL.owl.SROIQ.owl,,,,,,,
/home/ms23af/sequoiarsync/parallel-sequoia/testing/data/oxfordcorpus-fixed-dl-SROIQ/00241.owl.DL.owl.SROIQ.owl,,,,,,,
/home/ms23af/sequoiarsync/parallel-sequoia/testing/data/oxfordcorpus-fixed-dl-SROIQ/00242.owl.DL.owl.SROIQ.owl,,,,,,,
/home/ms23af/sequoiarsync/parallel-sequoia/testing/data/oxfordcorpus-fixed-dl-SROIQ/00243.owl.DL.owl.SROIQ.owl,,,,,,,
/home/ms23af/sequoiarsync/parallel-sequoia/testing/data/oxfordcorpus-fixed-dl-SROIQ/00244.owl.DL.owl.SROIQ.owl,,,,,,,
/home/ms23af/sequoiarsync/parallel-sequoia/testing/data/oxfordcorpus-fixed-dl-SROIQ/00245.owl.DL.owl.SROIQ.owl,,,,,,,
/home/ms23af/sequoiarsync/parallel-sequoia/testing/data/oxfordcorpus-fixed-dl-SROIQ/00246.owl.DL.owl.SROIQ.owl,,,,,,,
/home/ms23af/sequoiarsync/parallel-sequoia/testing/data/oxfordcorpus-fixed-dl-SROIQ/00247.owl.DL.owl.SROIQ.owl,,,,,,,
/home/ms23af/sequoiarsync/parallel-sequoia/testing/data/oxfordcorpus-fixed-dl-SROIQ/00248.owl.DL.owl.SROIQ.owl,,,,,,,
/home/ms23af/sequoiarsync/parallel-sequoia/testing/data/oxfordcorpus-fixed-dl-SROIQ/00249.owl.DL.owl.SROIQ.owl,,,,,,,
/home/ms23af/sequoiarsync/parallel-sequoia/testing/data/oxfordcorpus-fixed-dl-SROIQ/00250.owl.DL.owl.SROIQ.owl,,,,,,,
/home/ms23af/sequoiarsync/parallel-sequoia/testing/data/oxfordcorpus-fixed-dl-SROIQ/00251.owl.DL.owl.SROIQ.owl,,,,,,,
/home/ms23af/sequoiarsync/parallel-sequoia/testing/data/oxfordcorpus-fixed-dl-SROIQ/00252.owl.DL.owl.SROIQ.owl,,,,,,,
/home/ms23af/sequoiarsync/parallel-sequoia/testing/data/oxfordcorpus-fixed-dl-SROIQ/00253.owl.DL.owl.SROIQ.owl,,,,,,,
/home/ms23af/sequoiarsync/parallel-sequoia/testing/data/oxfordcorpus-fixed-dl-SROIQ/00254.owl.DL.owl.SROIQ.owl,,,,,,,
/home/ms23af/sequoiarsync/parallel-sequoia/testing/data/oxfordcorpus-fixed-dl-SROIQ/00255.owl.DL.owl.SROIQ.owl,,,,,,,
/home/ms23af/sequoiarsync/parallel-sequoia/testing/data/oxfordcorpus-fixed-dl-SROIQ/00256.owl.DL.owl.SROIQ.owl,,,,,,,
/home/ms23af/sequoiarsync/parallel-sequoia/testing/data/oxfordcorpus-fixed-dl-SROIQ/00257.owl.DL.owl.SROIQ.owl,,,,,,,
/home/ms23af/sequoiarsync/parallel-sequoia/testing/data/oxfordcorpus-fixed-dl-SROIQ/00258.owl.DL.owl.SROIQ.owl,,,,,,,
/home/ms23af/sequoiarsync/parallel-sequoia/testing/data/oxfordcorpus-fixed-dl-SROIQ/00259.owl.DL.owl.SROIQ.owl,,,,,,,
/home/ms23af/sequoiarsync/parallel-sequoia/testing/data/oxfordcorpus-fixed-dl-SROIQ/00260.owl.DL.owl.SROIQ.owl,,,,,,,
/home/ms23af/sequoiarsync/parallel-sequoia/testing/data/oxfordcorpus-fixed-dl-SROIQ/00261.owl.DL.owl.SROIQ.owl,,,,,,,
/home/ms23af/sequoiarsync/parallel-sequoia/testing/data/oxfordcorpus-fixed-dl-SROIQ/00262.owl.DL.owl.SROIQ.owl,,,,,,,
/home/ms23af/sequoiarsync/parallel-sequoia/testing/data/oxfordcorpus-fixed-dl-SROIQ/00263.owl.DL.owl.SROIQ.owl,,,,,,,
/home/ms23af/sequoiarsync/parallel-sequoia/testing/data/oxfordcorpus-fixed-dl-SROIQ/00264.owl.DL.owl.SROIQ.owl,,,,,,,
/home/ms23af/sequoiarsync/parallel-sequoia/testing/data/oxfordcorpus-fixed-dl-SROIQ/00265.owl.DL.owl.SROIQ.owl,,,,,,,
/home/ms23af/sequoiarsync/parallel-sequoia/testing/data/oxfordcorpus-fixed-dl-SROIQ/00266.owl.DL.owl.SROIQ.owl,,,,,,,
/home/ms23af/sequoiarsync/parallel-sequoia/testing/data/oxfordcorpus-fixed-dl-SROIQ/00267.owl.DL.owl.SROIQ.owl,,,,,,,
/home/ms23af/sequoiarsync/parallel-sequoia/testing/data/oxfordcorpus-fixed-dl-SROIQ/00268.owl.DL.owl.SROIQ.owl,,,,,,,
/home/ms23af/sequoiarsync/parallel-sequoia/testing/data/oxfordcorpus-fixed-dl-SROIQ/00269.owl.DL.owl.SROIQ.owl,,,,,,,
/home/ms23af/sequoiarsync/parallel-sequoia/testing/data/oxfordcorpus-fixed-dl-SROIQ/00270.owl.DL.owl.SROIQ.owl,,,,,,,
/home/ms23af/sequoiarsync/parallel-sequoia/testing/data/oxfordcorpus-fixed-dl-SROIQ/00271.owl.DL.owl.SROIQ.owl,,,,,,,
/home/ms23af/sequoiarsync/parallel-sequoia/testing/data/oxfordcorpus-fixed-dl-SROIQ/00272.owl.DL.owl.SROIQ.owl,,,,,,,
/home/ms23af/sequoiarsync/parallel-sequoia/testing/data/oxfordcorpus-fixed-dl-SROIQ/00273.owl.DL.owl.SROIQ.owl,,,,,,,
/home/ms23af/sequoiarsync/parallel-sequoia/testing/data/oxfordcorpus-fixed-dl-SROIQ/00274.owl.DL.owl.SROIQ.owl,,,,,,,
/home/ms23af/sequoiarsync/parallel-sequoia/testing/data/oxfordcorpus-fixed-dl-SROIQ/00275.owl.DL.owl.SROIQ.owl,,,,,,,
/home/ms23af/sequoiarsync/parallel-sequoia/testing/data/oxfordcorpus-fixed-dl-SROIQ/00276.owl.DL.owl.SROIQ.owl,,,,,,,
/home/ms23af/sequoiarsync/parallel-sequoia/testing/data/oxfordcorpus-fixed-dl-SROIQ/00277.owl.DL.owl.SROIQ.owl,,,,,,,
/home/ms23af/sequoiarsync/parallel-sequoia/testing/data/oxfordcorpus-fixed-dl-SROIQ/00278.owl.DL.owl.SROIQ.owl,,,,,,,
/home/ms23af/sequoiarsync/parallel-sequoia/testing/data/oxfordcorpus-fixed-dl-SROIQ/00279.owl.DL.owl.SROIQ.owl,,,,,,,
/home/ms23af/sequoiarsync/parallel-sequoia/testing/data/oxfordcorpus-fixed-dl-SROIQ/00280.owl.DL.owl.SROIQ.owl,,,,,,,
/home/ms23af/sequoiarsync/parallel-sequoia/testing/data/oxfordcorpus-fixed-dl-SROIQ/00281.owl.DL.owl.SROIQ.owl,,,,,,,
/home/ms23af/sequoiarsync/parallel-sequoia/testing/data/oxfordcorpus-fixed-dl-SROIQ/00282.owl.DL.owl.SROIQ.owl,,,,,,,
/home/ms23af/sequoiarsync/parallel-sequoia/testing/data/oxfordcorpus-fixed-dl-SROIQ/00283.owl.DL.owl.SROIQ.owl,,,,,,,
/home/ms23af/sequoiarsync/parallel-sequoia/testing/data/oxfordcorpus-fixed-dl-SROIQ/00284.owl.DL.owl.SROIQ.owl,,,,,,,
/home/ms23af/sequoiarsync/parallel-sequoia/testing/data/oxfordcorpus-fixed-dl-SROIQ/00285.owl.DL.owl.SROIQ.owl,,,,,,,
/home/ms23af/sequoiarsync/parallel-sequoia/testing/data/oxfordcorpus-fixed-dl-SROIQ/00286.owl.DL.owl.SROIQ.owl,,,,,,,
/home/ms23af/sequoiarsync/parallel-sequoia/testing/data/oxfordcorpus-fixed-dl-SROIQ/00287.owl.DL.owl.SROIQ.owl,,,,,,,
/home/ms23af/sequoiarsync/parallel-sequoia/testing/data/oxfordcorpus-fixed-dl-SROIQ/00288.owl.DL.owl.SROIQ.owl,,,,,,,
/home/ms23af/sequoiarsync/parallel-sequoia/testing/data/oxfordcorpus-fixed-dl-SROIQ/00289.owl.DL.owl.SROIQ.owl,,,,,,,
/home/ms23af/sequoiarsync/parallel-sequoia/testing/data/oxfordcorpus-fixed-dl-SROIQ/00290.owl.DL.owl.SROIQ.owl,,,,,,,
/home/ms23af/sequoiarsync/parallel-sequoia/testing/data/oxfordcorpus-fixed-dl-SROIQ/00291.owl.DL.owl.SROIQ.owl,,,,,,,
/home/ms23af/sequoiarsync/parallel-sequoia/testing/data/oxfordcorpus-fixed-dl-SROIQ/00292.owl.DL.owl.SROIQ.owl,,,,,,,
/home/ms23af/sequoiarsync/parallel-sequoia/testing/data/oxfordcorpus-fixed-dl-SROIQ/00293.owl.DL.owl.SROIQ.owl,,,,,,,
/home/ms23af/sequoiarsync/parallel-sequoia/testing/data/oxfordcorpus-fixed-dl-SROIQ/00294.owl.DL.owl.SROIQ.owl,,,,,,,
/home/ms23af/sequoiarsync/parallel-sequoia/testing/data/oxfordcorpus-fixed-dl-SROIQ/00295.owl.DL.owl.SROIQ.owl,,,,,,,
/home/ms23af/sequoiarsync/parallel-sequoia/testing/data/oxfordcorpus-fixed-dl-SROIQ/00296.owl.DL.owl.SROIQ.owl,,,,,,,
/home/ms23af/sequoiarsync/parallel-sequoia/testing/data/oxfordcorpus-fixed-dl-SROIQ/00297.owl.DL.owl.SROIQ.owl,,,,,,,
/home/ms23af/sequoiarsync/parallel-sequoia/testing/data/oxfordcorpus-fixed-dl-SROIQ/00298.owl.DL.owl.SROIQ.owl,,,,,,,
/home/ms23af/sequoiarsync/parallel-sequoia/testing/data/oxfordcorpus-fixed-dl-SROIQ/00299.owl.DL.owl.SROIQ.owl,,,,,,,
/home/ms23af/sequoiarsync/parallel-sequoia/testing/data/oxfordcorpus-fixed-dl-SROIQ/00300.owl.DL.owl.SROIQ.owl,,,,,,,
/home/ms23af/sequoiarsync/parallel-sequoia/testing/data/oxfordcorpus-fixed-dl-SROIQ/00301.owl.DL.owl.SROIQ.owl,,,,,,,
/home/ms23af/sequoiarsync/parallel-sequoia/testing/data/oxfordcorpus-fixed-dl-SROIQ/00302.owl.DL.owl.SROIQ.owl,,,,,,,
/home/ms23af/sequoiarsync/parallel-sequoia/testing/data/oxfordcorpus-fixed-dl-SROIQ/00303.owl.DL.owl.SROIQ.owl,,,,,,,
/home/ms23af/sequoiarsync/parallel-sequoia/testing/data/oxfordcorpus-fixed-dl-SROIQ/00304.owl.DL.owl.SROIQ.owl,,,,,,,
/home/ms23af/sequoiarsync/parallel-sequoia/testing/data/oxfordcorpus-fixed-dl-SROIQ/00305.owl.DL.owl.SROIQ.owl,,,,,,,
/home/ms23af/sequoiarsync/parallel-sequoia/testing/data/oxfordcorpus-fixed-dl-SROIQ/00306.owl.DL.owl.SROIQ.owl,,,,,,,
/home/ms23af/sequoiarsync/parallel-sequoia/testing/data/oxfordcorpus-fixed-dl-SROIQ/00307.owl.DL.owl.SROIQ.owl,,,,,,,
/home/ms23af/sequoiarsync/parallel-sequoia/testing/data/oxfordcorpus-fixed-dl-SROIQ/00308.owl.DL.owl.SROIQ.owl,,,,,,,
/home/ms23af/sequoiarsync/parallel-sequoia/testing/data/oxfordcorpus-fixed-dl-SROIQ/00309.owl.DL.owl.SROIQ.owl,,,,,,,
/home/ms23af/sequoiarsync/parallel-sequoia/testing/data/oxfordcorpus-fixed-dl-SROIQ/00310.owl.DL.owl.SROIQ.owl,,,,,,,
/home/ms23af/sequoiarsync/parallel-sequoia/testing/data/oxfordcorpus-fixed-dl-SROIQ/00311.owl.DL.owl.SROIQ.owl,,,,,,,
/home/ms23af/sequoiarsync/parallel-sequoia/testing/data/oxfordcorpus-fixed-dl-SROIQ/00312.owl.DL.owl.SROIQ.owl,,,,,,,
/home/ms23af/sequoiarsync/parallel-sequoia/testing/data/oxfordcorpus-fixed-dl-SROIQ/00313.owl.DL.owl.SROIQ.owl,,,,,,,
/home/ms23af/sequoiarsync/parallel-sequoia/testing/data/oxfordcorpus-fixed-dl-SROIQ/00314.owl.DL.owl.SROIQ.owl,,,,,,,
/home/ms23af/sequoiarsync/parallel-sequoia/testing/data/oxfordcorpus-fixed-dl-SROIQ/00315.owl.DL.owl.SROIQ.owl,,,,,,,
/home/ms23af/sequoiarsync/parallel-sequoia/testing/data/oxfordcorpus-fixed-dl-SROIQ/00316.owl.DL.owl.SROIQ.owl,,,,,,,
/home/ms23af/sequoiarsync/parallel-sequoia/testing/data/oxfordcorpus-fixed-dl-SROIQ/00317.owl.DL.owl.SROIQ.owl,,,,,,,
/home/ms23af/sequoiarsync/parallel-sequoia/testing/data/oxfordcorpus-fixed-dl-SROIQ/00318.owl.DL.owl.SROIQ.owl,,,,,,,
/home/ms23af/sequoiarsync/parallel-sequoia/testing/data/oxfordcorpus-fixed-dl-SROIQ/00319.owl.DL.owl.SROIQ.owl,,,,,,,
/home/ms23af/sequoiarsync/parallel-sequoia/testing/data/oxfordcorpus-fixed-dl-SROIQ/00320.owl.DL.owl.SROIQ.owl,,,,,,,
/home/ms23af/sequoiarsync/parallel-sequoia/testing/data/oxfordcorpus-fixed-dl-SROIQ/00321.owl.DL.owl.SROIQ.owl,,,,,,,
/home/ms23af/sequoiarsync/parallel-sequoia/testing/data/oxfordcorpus-fixed-dl-SROIQ/00322.owl.DL.owl.SROIQ.owl,,,,,,,
/home/ms23af/sequoiarsync/parallel-sequoia/testing/data/oxfordcorpus-fixed-dl-SROIQ/00323.owl.DL.owl.SROIQ.owl,,,,,,,
/home/ms23af/sequoiarsync/parallel-sequoia/testing/data/oxfordcorpus-fixed-dl-SROIQ/00324.owl.DL.owl.SROIQ.owl,,,,,,,
/home/ms23af/sequoiarsync/parallel-sequoia/testing/data/oxfordcorpus-fixed-dl-SROIQ/00325.owl.DL.owl.SROIQ.owl,,,,,,,
/home/ms23af/sequoiarsync/parallel-sequoia/testing/data/oxfordcorpus-fixed-dl-SROIQ/00326.owl.DL.owl.SROIQ.owl,,,,,,,
/home/ms23af/sequoiarsync/parallel-sequoia/testing/data/oxfordcorpus-fixed-dl-SROIQ/00327.owl.DL.owl.SROIQ.owl,,,,,,,
/home/ms23af/sequoiarsync/parallel-sequoia/testing/data/oxfordcorpus-fixed-dl-SROIQ/00328.owl.DL.owl.SROIQ.owl,,,,,,,
/home/ms23af/sequoiarsync/parallel-sequoia/testing/data/oxfordcorpus-fixed-dl-SROIQ/00329.owl.DL.owl.SROIQ.owl,,,,,,,
/home/ms23af/sequoiarsync/parallel-sequoia/testing/data/oxfordcorpus-fixed-dl-SROIQ/00330.owl.DL.owl.SROIQ.owl,,,,,,,
/home/ms23af/sequoiarsync/parallel-sequoia/testing/data/oxfordcorpus-fixed-dl-SROIQ/00331.owl.DL.owl.SROIQ.owl,,,,,,,
/home/ms23af/sequoiarsync/parallel-sequoia/testing/data/oxfordcorpus-fixed-dl-SROIQ/00332.owl.DL.owl.SROIQ.owl,,,,,,,
/home/ms23af/sequoiarsync/parallel-sequoia/testing/data/oxfordcorpus-fixed-dl-SROIQ/00333.owl.DL.owl.SROIQ.owl,,,,,,,
/home/ms23af/sequoiarsync/parallel-sequoia/testing/data/oxfordcorpus-fixed-dl-SROIQ/00334.owl.DL.owl.SROIQ.owl,,,,,,,
/home/ms23af/sequoiarsync/parallel-sequoia/testing/data/oxfordcorpus-fixed-dl-SROIQ/00335.owl.DL.owl.SROIQ.owl,,,,,,,
/home/ms23af/sequoiarsync/parallel-sequoia/testing/data/oxfordcorpus-fixed-dl-SROIQ/00336.owl.DL.owl.SROIQ.owl,,,,,,,
/home/ms23af/sequoiarsync/parallel-sequoia/testing/data/oxfordcorpus-fixed-dl-SROIQ/00337.owl.DL.owl.SROIQ.owl,,,,,,,
/home/ms23af/sequoiarsync/parallel-sequoia/testing/data/oxfordcorpus-fixed-dl-SROIQ/00338.owl.DL.owl.SROIQ.owl,,,,,,,
/home/ms23af/sequoiarsync/parallel-sequoia/testing/data/oxfordcorpus-fixed-dl-SROIQ/00339.owl.DL.owl.SROIQ.owl,,,,,,,
/home/ms23af/sequoiarsync/parallel-sequoia/testing/data/oxfordcorpus-fixed-dl-SROIQ/00340.owl.DL.owl.SROIQ.owl,,,,,,,
/home/ms23af/sequoiarsync/parallel-sequoia/testing/data/oxfordcorpus-fixed-dl-SROIQ/00341.owl.DL.owl.SROIQ.owl,,,,,,,
/home/ms23af/sequoiarsync/parallel-sequoia/testing/data/oxfordcorpus-fixed-dl-SROIQ/00342.owl.DL.owl.SROIQ.owl,,,,,,,
/home/ms23af/sequoiarsync/parallel-sequoia/testing/data/oxfordcorpus-fixed-dl-SROIQ/00343.owl.DL.owl.SROIQ.owl,,,,,,,
/home/ms23af/sequoiarsync/parallel-sequoia/testing/data/oxfordcorpus-fixed-dl-SROIQ/00344.owl.DL.owl.SROIQ.owl,,,,,,,
/home/ms23af/sequoiarsync/parallel-sequoia/testing/data/oxfordcorpus-fixed-dl-SROIQ/00345.owl.DL.owl.SROIQ.owl,,,,,,,
/home/ms23af/sequoiarsync/parallel-sequoia/testing/data/oxfordcorpus-fixed-dl-SROIQ/00346.owl.DL.owl.SROIQ.owl,,,,,,,
/home/ms23af/sequoiarsync/parallel-sequoia/testing/data/oxfordcorpus-fixed-dl-SROIQ/00347.owl.DL.owl.SROIQ.owl,,,,,,,
/home/ms23af/sequoiarsync/parallel-sequoia/testing/data/oxfordcorpus-fixed-dl-SROIQ/00348.owl.DL.owl.SROIQ.owl,,,,,,,
/home/ms23af/sequoiarsync/parallel-sequoia/testing/data/oxfordcorpus-fixed-dl-SROIQ/00349.owl.DL.owl.SROIQ.owl,,,,,,,
/home/ms23af/sequoiarsync/parallel-sequoia/testing/data/oxfordcorpus-fixed-dl-SROIQ/00350.owl.DL.owl.SROIQ.owl,,,,,,,
/home/ms23af/sequoiarsync/parallel-sequoia/testing/data/oxfordcorpus-fixed-dl-SROIQ/00351.owl.DL.owl.SROIQ.owl,,,,,,,
/home/ms23af/sequoiarsync/parallel-sequoia/testing/data/oxfordcorpus-fixed-dl-SROIQ/00352.owl.DL.owl.SROIQ.owl,,,,,,,
/home/ms23af/sequoiarsync/parallel-sequoia/testing/data/oxfordcorpus-fixed-dl-SROIQ/00353.owl.DL.owl.SROIQ.owl,,,,,,,
/home/ms23af/sequoiarsync/parallel-sequoia/testing/data/oxfordcorpus-fixed-dl-SROIQ/00354.owl.DL.owl.SROIQ.owl,,,,,,,
/home/ms23af/sequoiarsync/parallel-sequoia/testing/data/oxfordcorpus-fixed-dl-SROIQ/00355.owl.DL.owl.SROIQ.owl,,,,,,,
/home/ms23af/sequoiarsync/parallel-sequoia/testing/data/oxfordcorpus-fixed-dl-SROIQ/00356.owl.DL.owl.SROIQ.owl,,,,,,,
/home/ms23af/sequoiarsync/parallel-sequoia/testing/data/oxfordcorpus-fixed-dl-SROIQ/00357.owl.DL.owl.SROIQ.owl,,,,,,,
/home/ms23af/sequoiarsync/parallel-sequoia/testing/data/oxfordcorpus-fixed-dl-SROIQ/00358.owl.DL.owl.SROIQ.owl,,,,,,,
/home/ms23af/sequoiarsync/parallel-sequoia/testing/data/oxfordcorpus-fixed-dl-SROIQ/00359.owl.DL.owl.SROIQ.owl,,,,,,,
/home/ms23af/sequoiarsync/parallel-sequoia/testing/data/oxfordcorpus-fixed-dl-SROIQ/00360.owl.DL.owl.SROIQ.owl,,,,,,,
/home/ms23af/sequoiarsync/parallel-sequoia/testing/data/oxfordcorpus-fixed-dl-SROIQ/00361.owl.DL.owl.SROIQ.owl,,,,,,,
/home/ms23af/sequoiarsync/parallel-sequoia/testing/data/oxfordcorpus-fixed-dl-SROIQ/00362.owl.DL.owl.SROIQ.owl,,,,,,,
/home/ms23af/sequoiarsync/parallel-sequoia/testing/data/oxfordcorpus-fixed-dl-SROIQ/00363.owl.DL.owl.SROIQ.owl,,,,,,,
/home/ms23af/sequoiarsync/parallel-sequoia/testing/data/oxfordcorpus-fixed-dl-SROIQ/00364.owl.DL.owl.SROIQ.owl,,,,,,,
/home/ms23af/sequoiarsync/parallel-sequoia/testing/data/oxfordcorpus-fixed-dl-SROIQ/00365.owl.DL.owl.SROIQ.owl,,,,,,,
/home/ms23af/sequoiarsync/parallel-sequoia/testing/data/oxfordcorpus-fixed-dl-SROIQ/00366.owl.DL.owl.SROIQ.owl,,,,,,,
/home/ms23af/sequoiarsync/parallel-sequoia/testing/data/oxfordcorpus-fixed-dl-SROIQ/00367.owl.DL.owl.SROIQ.owl,,,,,,,
/home/ms23af/sequoiarsync/parallel-sequoia/testing/data/oxfordcorpus-fixed-dl-SROIQ/00368.owl.DL.owl.SROIQ.owl,,,,,,,
/home/ms23af/sequoiarsync/parallel-sequoia/testing/data/oxfordcorpus-fixed-dl-SROIQ/00369.owl.DL.owl.SROIQ.owl,,,,,,,
/home/ms23af/sequoiarsync/parallel-sequoia/testing/data/oxfordcorpus-fixed-dl-SROIQ/00370.owl.DL.owl.SROIQ.owl,,,,,,,
/home/ms23af/sequoiarsync/parallel-sequoia/testing/data/oxfordcorpus-fixed-dl-SROIQ/00371.owl.DL.owl.SROIQ.owl,,,,,,,
/home/ms23af/sequoiarsync/parallel-sequoia/testing/data/oxfordcorpus-fixed-dl-SROIQ/00372.owl.DL.owl.SROIQ.owl,,,,,,,
/home/ms23af/sequoiarsync/parallel-sequoia/testing/data/oxfordcorpus-fixed-dl-SROIQ/00373.owl.DL.owl.SROIQ.owl,,,,,,,
/home/ms23af/sequoiarsync/parallel-sequoia/testing/data/oxfordcorpus-fixed-dl-SROIQ/00374.owl.DL.owl.SROIQ.owl,,,,,,,
/home/ms23af/sequoiarsync/parallel-sequoia/testing/data/oxfordcorpus-fixed-dl-SROIQ/00375.owl.DL.owl.SROIQ.owl,,,,,,,
/home/ms23af/sequoiarsync/parallel-sequoia/testing/data/oxfordcorpus-fixed-dl-SROIQ/00376.owl.DL.owl.SROIQ.owl,,,,,,,
/home/ms23af/sequoiarsync/parallel-sequoia/testing/data/oxfordcorpus-fixed-dl-SROIQ/00377.owl.DL.owl.SROIQ.owl,,,,,,,
/home/ms23af/sequoiarsync/parallel-sequoia/testing/data/oxfordcorpus-fixed-dl-SROIQ/00378.owl.DL.owl.SROIQ.owl,,,,,,,
/home/ms23af/sequoiarsync/parallel-sequoia/testing/data/oxfordcorpus-fixed-dl-SROIQ/00379.owl.DL.owl.SROIQ.owl,,,,,,,
/home/ms23af/sequoiarsync/parallel-sequoia/testing/data/oxfordcorpus-fixed-dl-SROIQ/00380.owl.DL.owl.SROIQ.owl,,,,,,,
/home/ms23af/sequoiarsync/parallel-sequoia/testing/data/oxfordcorpus-fixed-dl-SROIQ/00381.owl.DL.owl.SROIQ.owl,,,,,,,
/home/ms23af/sequoiarsync/parallel-sequoia/testing/data/oxfordcorpus-fixed-dl-SROIQ/00382.owl.DL.owl.SROIQ.owl,,,,,,,
/home/ms23af/sequoiarsync/parallel-sequoia/testing/data/oxfordcorpus-fixed-dl-SROIQ/00383.owl.DL.owl.SROIQ.owl,,,,,,,
/home/ms23af/sequoiarsync/parallel-sequoia/testing/data/oxfordcorpus-fixed-dl-SROIQ/00384.owl.DL.owl.SROIQ.owl,,,,,,,
/home/ms23af/sequoiarsync/parallel-sequoia/testing/data/oxfordcorpus-fixed-dl-SROIQ/00385.owl.DL.owl.SROIQ.owl,,,,,,,
/home/ms23af/sequoiarsync/parallel-sequoia/testing/data/oxfordcorpus-fixed-dl-SROIQ/00386.owl.DL.owl.SROIQ.owl,,,,,,,
/home/ms23af/sequoiarsync/parallel-sequoia/testing/data/oxfordcorpus-fixed-dl-SROIQ/00387.owl.DL.owl.SROIQ.owl,,,,,,,
/home/ms23af/sequoiarsync/parallel-sequoia/testing/data/oxfordcorpus-fixed-dl-SROIQ/00388.owl.DL.owl.SROIQ.owl,,,,,,,
/home/ms23af/sequoiarsync/parallel-sequoia/testing/data/oxfordcorpus-fixed-dl-SROIQ/00389.owl.DL.owl.SROIQ.owl,,,,,,,
/home/ms23af/sequoiarsync/parallel-sequoia/testing/data/oxfordcorpus-fixed-dl-SROIQ/00390.owl.DL.owl.SROIQ.owl,,,,,,,
/home/ms23af/sequoiarsync/parallel-sequoia/testing/data/oxfordcorpus-fixed-dl-SROIQ/00391.owl.DL.owl.SROIQ.owl,,,,,,,
/home/ms23af/sequoiarsync/parallel-sequoia/testing/data/oxfordcorpus-fixed-dl-SROIQ/00392.owl.DL.owl.SROIQ.owl,,,,,,,
/home/ms23af/sequoiarsync/parallel-sequoia/testing/data/oxfordcorpus-fixed-dl-SROIQ/00393.owl.DL.owl.SROIQ.owl,,,,,,,
/home/ms23af/sequoiarsync/parallel-sequoia/testing/data/oxfordcorpus-fixed-dl-SROIQ/00394.owl.DL.owl.SROIQ.owl,,,,,,,
/home/ms23af/sequoiarsync/parallel-sequoia/testing/data/oxfordcorpus-fixed-dl-SROIQ/00395.owl.DL.owl.SROIQ.owl,,,,,,,
/home/ms23af/sequoiarsync/parallel-sequoia/testing/data/oxfordcorpus-fixed-dl-SROIQ/00396.owl.DL.owl.SROIQ.owl,,,,,,,
/home/ms23af/sequoiarsync/parallel-sequoia/testing/data/oxfordcorpus-fixed-dl-SROIQ/00397.owl.DL.owl.SROIQ.owl,,,,,,,
/home/ms23af/sequoiarsync/parallel-sequoia/testing/data/oxfordcorpus-fixed-dl-SROIQ/00398.owl.DL.owl.SROIQ.owl,,,,,,,
/home/ms23af/sequoiarsync/parallel-sequoia/testing/data/oxfordcorpus-fixed-dl-SROIQ/00399.owl.DL.owl.SROIQ.owl,,,,,,,
/home/ms23af/sequoiarsync/parallel-sequoia/testing/data/oxfordcorpus-fixed-dl-SROIQ/00400.owl.DL.owl.SROIQ.owl,,,,,,,
/home/ms23af/sequoiarsync/parallel-sequoia/testing/data/oxfordcorpus-fixed-dl-SROIQ/00401.owl.DL.owl.SROIQ.owl,,,,,,,
/home/ms23af/sequoiarsync/parallel-sequoia/testing/data/oxfordcorpus-fixed-dl-SROIQ/00402.owl.DL.owl.SROIQ.owl,,,,,,,
/home/ms23af/sequoiarsync/parallel-sequoia/testing/data/oxfordcorpus-fixed-dl-SROIQ/00403.owl.DL.owl.SROIQ.owl,,,,,,,
/home/ms23af/sequoiarsync/parallel-sequoia/testing/data/oxfordcorpus-fixed-dl-SROIQ/00404.owl.DL.owl.SROIQ.owl,,,,,,,
/home/ms23af/sequoiarsync/parallel-sequoia/testing/data/oxfordcorpus-fixed-dl-SROIQ/00405.owl.DL.owl.SROIQ.owl,,,,,,,
/home/ms23af/sequoiarsync/parallel-sequoia/testing/data/oxfordcorpus-fixed-dl-SROIQ/00406.owl.DL.owl.SROIQ.owl,,,,,,,
/home/ms23af/sequoiarsync/parallel-sequoia/testing/data/oxfordcorpus-fixed-dl-SROIQ/00407.owl.DL.owl.SROIQ.owl,,,,,,,
/home/ms23af/sequoiarsync/parallel-sequoia/testing/data/oxfordcorpus-fixed-dl-SROIQ/00408.owl.DL.owl.SROIQ.owl,,,,,,,
/home/ms23af/sequoiarsync/parallel-sequoia/testing/data/oxfordcorpus-fixed-dl-SROIQ/00409.owl.DL.owl.SROIQ.owl,,,,,,,
/home/ms23af/sequoiarsync/parallel-sequoia/testing/data/oxfordcorpus-fixed-dl-SROIQ/00410.owl.DL.owl.SROIQ.owl,,,,,,,
/home/ms23af/sequoiarsync/parallel-sequoia/testing/data/oxfordcorpus-fixed-dl-SROIQ/00411.owl.DL.owl.SROIQ.owl,,,,,,,
/home/ms23af/sequoiarsync/parallel-sequoia/testing/data/oxfordcorpus-fixed-dl-SROIQ/00412.owl.DL.owl.SROIQ.owl,,,,,,,
/home/ms23af/sequoiarsync/parallel-sequoia/testing/data/oxfordcorpus-fixed-dl-SROIQ/00413.owl.DL.owl.SROIQ.owl,,,,,,,
/home/ms23af/sequoiarsync/parallel-sequoia/testing/data/oxfordcorpus-fixed-dl-SROIQ/00414.owl.DL.owl.SROIQ.owl,,,,,,,
/home/ms23af/sequoiarsync/parallel-sequoia/testing/data/oxfordcorpus-fixed-dl-SROIQ/00415.owl.DL.owl.SROIQ.owl,,,,,,,
/home/ms23af/sequoiarsync/parallel-sequoia/testing/data/oxfordcorpus-fixed-dl-SROIQ/00416.owl.DL.owl.SROIQ.owl,,,,,,,
/home/ms23af/sequoiarsync/parallel-sequoia/testing/data/oxfordcorpus-fixed-dl-SROIQ/00417.owl.DL.owl.SROIQ.owl,,,,,,,
/home/ms23af/sequoiarsync/parallel-sequoia/testing/data/oxfordcorpus-fixed-dl-SROIQ/00418.owl.DL.owl.SROIQ.owl,,,,,,,
/home/ms23af/sequoiarsync/parallel-sequoia/testing/data/oxfordcorpus-fixed-dl-SROIQ/00419.owl.DL.owl.SROIQ.owl,,,,,,,
/home/ms23af/sequoiarsync/parallel-sequoia/testing/data/oxfordcorpus-fixed-dl-SROIQ/00420.owl.DL.owl.SROIQ.owl,,,,,,,
/home/ms23af/sequoiarsync/parallel-sequoia/testing/data/oxfordcorpus-fixed-dl-SROIQ/00421.owl.DL.owl.SROIQ.owl,,,,,,,
/home/ms23af/sequoiarsync/parallel-sequoia/testing/data/oxfordcorpus-fixed-dl-SROIQ/00422.owl.DL.owl.SROIQ.owl,,,,,,,
/home/ms23af/sequoiarsync/parallel-sequoia/testing/data/oxfordcorpus-fixed-dl-SROIQ/00423.owl.DL.owl.SROIQ.owl,,,,,,,
/home/ms23af/sequoiarsync/parallel-sequoia/testing/data/oxfordcorpus-fixed-dl-SROIQ/00424.owl.DL.owl.SROIQ.owl,,,,,,,
/home/ms23af/sequoiarsync/parallel-sequoia/testing/data/oxfordcorpus-fixed-dl-SROIQ/00425.owl.DL.owl.SROIQ.owl,,,,,,,
/home/ms23af/sequoiarsync/parallel-sequoia/testing/data/oxfordcorpus-fixed-dl-SROIQ/00426.owl.DL.owl.SROIQ.owl,,,,,,,
/home/ms23af/sequoiarsync/parallel-sequoia/testing/data/oxfordcorpus-fixed-dl-SROIQ/00427.owl.DL.owl.SROIQ.owl,,,,,,,
/home/ms23af/sequoiarsync/parallel-sequoia/testing/data/oxfordcorpus-fixed-dl-SROIQ/00428.owl.DL.owl.SROIQ.owl,,,,,,,
/home/ms23af/sequoiarsync/parallel-sequoia/testing/data/oxfordcorpus-fixed-dl-SROIQ/00429.owl.DL.owl.SROIQ.owl,,,,,,,
/home/ms23af/sequoiarsync/parallel-sequoia/testing/data/oxfordcorpus-fixed-dl-SROIQ/00430.owl.DL.owl.SROIQ.owl,,,,,,,
/home/ms23af/sequoiarsync/parallel-sequoia/testing/data/oxfordcorpus-fixed-dl-SROIQ/00431.owl.DL.owl.SROIQ.owl,,,,,,,
/home/ms23af/sequoiarsync/parallel-sequoia/testing/data/oxfordcorpus-fixed-dl-SROIQ/00432.owl.DL.owl.SROIQ.owl,,,,,,,
/home/ms23af/sequoiarsync/parallel-sequoia/testing/data/oxfordcorpus-fixed-dl-SROIQ/00433.owl.DL.owl.SROIQ.owl,,,,,,,
/home/ms23af/sequoiarsync/parallel-sequoia/testing/data/oxfordcorpus-fixed-dl-SROIQ/00434.owl.DL.owl.SROIQ.owl,,,,,,,
/home/ms23af/sequoiarsync/parallel-sequoia/testing/data/oxfordcorpus-fixed-dl-SROIQ/00435.owl.DL.owl.SROIQ.owl,,,,,,,
/home/ms23af/sequoiarsync/parallel-sequoia/testing/data/oxfordcorpus-fixed-dl-SROIQ/00436.owl.DL.owl.SROIQ.owl,,,,,,,
/home/ms23af/sequoiarsync/parallel-sequoia/testing/data/oxfordcorpus-fixed-dl-SROIQ/00437.owl.DL.owl.SROIQ.owl,,,,,,,
/home/ms23af/sequoiarsync/parallel-sequoia/testing/data/oxfordcorpus-fixed-dl-SROIQ/00438.owl.DL.owl.SROIQ.owl,,,,,,,
/home/ms23af/sequoiarsync/parallel-sequoia/testing/data/oxfordcorpus-fixed-dl-SROIQ/00439.owl.DL.owl.SROIQ.owl,,,,,,,
/home/ms23af/sequoiarsync/parallel-sequoia/testing/data/oxfordcorpus-fixed-dl-SROIQ/00440.owl.DL.owl.SROIQ.owl,,,,,,,
/home/ms23af/sequoiarsync/parallel-sequoia/testing/data/oxfordcorpus-fixed-dl-SROIQ/00441.owl.DL.owl.SROIQ.owl,,,,,,,
/home/ms23af/sequoiarsync/parallel-sequoia/testing/data/oxfordcorpus-fixed-dl-SROIQ/00442.owl.DL.owl.SROIQ.owl,,,,,,,
/home/ms23af/sequoiarsync/parallel-sequoia/testing/data/oxfordcorpus-fixed-dl-SROIQ/00443.owl.DL.owl.SROIQ.owl,,,,,,,
/home/ms23af/sequoiarsync/parallel-sequoia/testing/data/oxfordcorpus-fixed-dl-SROIQ/00444.owl.DL.owl.SROIQ.owl,,,,,,,
/home/ms23af/sequoiarsync/parallel-sequoia/testing/data/oxfordcorpus-fixed-dl-SROIQ/00445.owl.DL.owl.SROIQ.owl,,,,,,,
/home/ms23af/sequoiarsync/parallel-sequoia/testing/data/oxfordcorpus-fixed-dl-SROIQ/00446.owl.DL.owl.SROIQ.owl,,,,,,,
/home/ms23af/sequoiarsync/parallel-sequoia/testing/data/oxfordcorpus-fixed-dl-SROIQ/00447.owl.DL.owl.SROIQ.owl,,,,,,,
/home/ms23af/sequoiarsync/parallel-sequoia/testing/data/oxfordcorpus-fixed-dl-SROIQ/00448.owl.DL.owl.SROIQ.owl,,,,,,,
/home/ms23af/sequoiarsync/parallel-sequoia/testing/data/oxfordcorpus-fixed-dl-SROIQ/00449.owl.DL.owl.SROIQ.owl,,,,,,,
/home/ms23af/sequoiarsync/parallel-sequoia/testing/data/oxfordcorpus-fixed-dl-SROIQ/00450.owl.DL.owl.SROIQ.owl,,,,,,,
/home/ms23af/sequoiarsync/parallel-sequoia/testing/data/oxfordcorpus-fixed-dl-SROIQ/00451.owl.DL.owl.SROIQ.owl,,,,,,,
/home/ms23af/sequoiarsync/parallel-sequoia/testing/data/oxfordcorpus-fixed-dl-SROIQ/00452.owl.DL.owl.SROIQ.owl,,,,,,,
/home/ms23af/sequoiarsync/parallel-sequoia/testing/data/oxfordcorpus-fixed-dl-SROIQ/00453.owl.DL.owl.SROIQ.owl,,,,,,,
/home/ms23af/sequoiarsync/parallel-sequoia/testing/data/oxfordcorpus-fixed-dl-SROIQ/00454.owl.DL.owl.SROIQ.owl,,,,,,,
/home/ms23af/sequoiarsync/parallel-sequoia/testing/data/oxfordcorpus-fixed-dl-SROIQ/00455.owl.DL.owl.SROIQ.owl,,,,,,,
/home/ms23af/sequoiarsync/parallel-sequoia/testing/data/oxfordcorpus-fixed-dl-SROIQ/00456.owl.DL.owl.SROIQ.owl,,,,,,,
/home/ms23af/sequoiarsync/parallel-sequoia/testing/data/oxfordcorpus-fixed-dl-SROIQ/00457.owl.DL.owl.SROIQ.owl,,,,,,,
/home/ms23af/sequoiarsync/parallel-sequoia/testing/data/oxfordcorpus-fixed-dl-SROIQ/00458.owl.DL.owl.SROIQ.owl,,,,,,,
/home/ms23af/sequoiarsync/parallel-sequoia/testing/data/oxfordcorpus-fixed-dl-SROIQ/00459.owl.DL.owl.SROIQ.owl,,,,,,,
/home/ms23af/sequoiarsync/parallel-sequoia/testing/data/oxfordcorpus-fixed-dl-SROIQ/00460.owl.DL.owl.SROIQ.owl,,,,,,,
/home/ms23af/sequoiarsync/parallel-sequoia/testing/data/oxfordcorpus-fixed-dl-SROIQ/00461.owl.DL.owl.SROIQ.owl,,,,,,,
/home/ms23af/sequoiarsync/parallel-sequoia/testing/data/oxfordcorpus-fixed-dl-SROIQ/00462.owl.DL.owl.SROIQ.owl,,,,,,,
/home/ms23af/sequoiarsync/parallel-sequoia/testing/data/oxfordcorpus-fixed-dl-SROIQ/00463.owl.DL.owl.SROIQ.owl,,,,,,,
/home/ms23af/sequoiarsync/parallel-sequoia/testing/data/oxfordcorpus-fixed-dl-SROIQ/00464.owl.DL.owl.SROIQ.owl,,,,,,,
/home/ms23af/sequoiarsync/parallel-sequoia/testing/data/oxfordcorpus-fixed-dl-SROIQ/00465.owl.DL.owl.SROIQ.owl,,,,,,,
/home/ms23af/sequoiarsync/parallel-sequoia/testing/data/oxfordcorpus-fixed-dl-SROIQ/00466.owl.DL.owl.SROIQ.owl,,,,,,,
/home/ms23af/sequoiarsync/parallel-sequoia/testing/data/oxfordcorpus-fixed-dl-SROIQ/00467.owl.DL.owl.SROIQ.owl,,,,,,,
/home/ms23af/sequoiarsync/parallel-sequoia/testing/data/oxfordcorpus-fixed-dl-SROIQ/00468.owl.DL.owl.SROIQ.owl,,,,,,,
/home/ms23af/sequoiarsync/parallel-sequoia/testing/data/oxfordcorpus-fixed-dl-SROIQ/00469.owl.DL.owl.SROIQ.owl,,,,,,,
/home/ms23af/sequoiarsync/parallel-sequoia/testing/data/oxfordcorpus-fixed-dl-SROIQ/00470.owl.DL.owl.SROIQ.owl,,,,,,,
/home/ms23af/sequoiarsync/parallel-sequoia/testing/data/oxfordcorpus-fixed-dl-SROIQ/00471.owl.DL.owl.SROIQ.owl,,,,,,,
/home/ms23af/sequoiarsync/parallel-sequoia/testing/data/oxfordcorpus-fixed-dl-SROIQ/00472.owl.DL.owl.SROIQ.owl,,,,,,,
/home/ms23af/sequoiarsync/parallel-sequoia/testing/data/oxfordcorpus-fixed-dl-SROIQ/00473.owl.DL.owl.SROIQ.owl,,,,,,,
/home/ms23af/sequoiarsync/parallel-sequoia/testing/data/oxfordcorpus-fixed-dl-SROIQ/00474.owl.DL.owl.SROIQ.owl,,,,,,,
/home/ms23af/sequoiarsync/parallel-sequoia/testing/data/oxfordcorpus-fixed-dl-SROIQ/00475.owl.DL.owl.SROIQ.owl,,,,,,,
/home/ms23af/sequoiarsync/parallel-sequoia/testing/data/oxfordcorpus-fixed-dl-SROIQ/00476.owl.DL.owl.SROIQ.owl,,,,,,,
/home/ms23af/sequoiarsync/parallel-sequoia/testing/data/oxfordcorpus-fixed-dl-SROIQ/00477.owl.DL.owl.SROIQ.owl,,,,,,,
/home/ms23af/sequoiarsync/parallel-sequoia/testing/data/oxfordcorpus-fixed-dl-SROIQ/00478.owl.DL.owl.SROIQ.owl,,,,,,,
/home/ms23af/sequoiarsync/parallel-sequoia/testing/data/oxfordcorpus-fixed-dl-SROIQ/00479.owl.DL.owl.SROIQ.owl,,,,,,,
/home/ms23af/sequoiarsync/parallel-sequoia/testing/data/oxfordcorpus-fixed-dl-SROIQ/00480.owl.DL.owl.SROIQ.owl,,,,,,,
/home/ms23af/sequoiarsync/parallel-sequoia/testing/data/oxfordcorpus-fixed-dl-SROIQ/00481.owl.DL.owl.SROIQ.owl,,,,,,,
/home/ms23af/sequoiarsync/parallel-sequoia/testing/data/oxfordcorpus-fixed-dl-SROIQ/00482.owl.DL.owl.SROIQ.owl,,,,,,,
/home/ms23af/sequoiarsync/parallel-sequoia/testing/data/oxfordcorpus-fixed-dl-SROIQ/00483.owl.DL.owl.SROIQ.owl,,,,,,,
/home/ms23af/sequoiarsync/parallel-sequoia/testing/data/oxfordcorpus-fixed-dl-SROIQ/00484.owl.DL.owl.SROIQ.owl,,,,,,,
/home/ms23af/sequoiarsync/parallel-sequoia/testing/data/oxfordcorpus-fixed-dl-SROIQ/00485.owl.DL.owl.SROIQ.owl,,,,,,,
/home/ms23af/sequoiarsync/parallel-sequoia/testing/data/oxfordcorpus-fixed-dl-SROIQ/00486.owl.DL.owl.SROIQ.owl,,,,,,,
/home/ms23af/sequoiarsync/parallel-sequoia/testing/data/oxfordcorpus-fixed-dl-SROIQ/00487.owl.DL.owl.SROIQ.owl,,,,,,,
/home/ms23af/sequoiarsync/parallel-sequoia/testing/data/oxfordcorpus-fixed-dl-SROIQ/00488.owl.DL.owl.SROIQ.owl,,,,,,,
/home/ms23af/sequoiarsync/parallel-sequoia/testing/data/oxfordcorpus-fixed-dl-SROIQ/00489.owl.DL.owl.SROIQ.owl,,,,,,,
/home/ms23af/sequoiarsync/parallel-sequoia/testing/data/oxfordcorpus-fixed-dl-SROIQ/00490.owl.DL.owl.SROIQ.owl,,,,,,,
/home/ms23af/sequoiarsync/parallel-sequoia/testing/data/oxfordcorpus-fixed-dl-SROIQ/00491.owl.DL.owl.SROIQ.owl,,,,,,,
/home/ms23af/sequoiarsync/parallel-sequoia/testing/data/oxfordcorpus-fixed-dl-SROIQ/00492.owl.DL.owl.SROIQ.owl,,,,,,,
/home/ms23af/sequoiarsync/parallel-sequoia/testing/data/oxfordcorpus-fixed-dl-SROIQ/00493.owl.DL.owl.SROIQ.owl,,,,,,,
/home/ms23af/sequoiarsync/parallel-sequoia/testing/data/oxfordcorpus-fixed-dl-SROIQ/00494.owl.DL.owl.SROIQ.owl,,,,,,,
/home/ms23af/sequoiarsync/parallel-sequoia/testing/data/oxfordcorpus-fixed-dl-SROIQ/00495.owl.DL.owl.SROIQ.owl,,,,,,,
/home/ms23af/sequoiarsync/parallel-sequoia/testing/data/oxfordcorpus-fixed-dl-SROIQ/00496.owl.DL.owl.SROIQ.owl,,,,,,,
/home/ms23af/sequoiarsync/parallel-sequoia/testing/data/oxfordcorpus-fixed-dl-SROIQ/00497.owl.DL.owl.SROIQ.owl,,,,,,,
/home/ms23af/sequoiarsync/parallel-sequoia/testing/data/oxfordcorpus-fixed-dl-SROIQ/00498.owl.DL.owl.SROIQ.owl,,,,,,,
/home/ms23af/sequoiarsync/parallel-sequoia/testing/data/oxfordcorpus-fixed-dl-SROIQ/00499.owl.DL.owl.SROIQ.owl,,,,,,,
/home/ms23af/sequoiarsync/parallel-sequoia/testing/data/oxfordcorpus-fixed-dl-SROIQ/00500.owl.DL.owl.SROIQ.owl,,,,,,,
/home/ms23af/sequoiarsync/parallel-sequoia/testing/data/oxfordcorpus-fixed-dl-SROIQ/00501.owl.DL.owl.SROIQ.owl,,,,,,,
/home/ms23af/sequoiarsync/parallel-sequoia/testing/data/oxfordcorpus-fixed-dl-SROIQ/00502.owl.DL.owl.SROIQ.owl,,,,,,,
/home/ms23af/sequoiarsync/parallel-sequoia/testing/data/oxfordcorpus-fixed-dl-SROIQ/00503.owl.DL.owl.SROIQ.owl,,,,,,,
/home/ms23af/sequoiarsync/parallel-sequoia/testing/data/oxfordcorpus-fixed-dl-SROIQ/00504.owl.DL.owl.SROIQ.owl,,,,,,,
/home/ms23af/sequoiarsync/parallel-sequoia/testing/data/oxfordcorpus-fixed-dl-SROIQ/00505.owl.DL.owl.SROIQ.owl,,,,,,,
/home/ms23af/sequoiarsync/parallel-sequoia/testing/data/oxfordcorpus-fixed-dl-SROIQ/00506.owl.DL.owl.SROIQ.owl,,,,,,,
/home/ms23af/sequoiarsync/parallel-sequoia/testing/data/oxfordcorpus-fixed-dl-SROIQ/00507.owl.DL.owl.SROIQ.owl,,,,,,,
/home/ms23af/sequoiarsync/parallel-sequoia/testing/data/oxfordcorpus-fixed-dl-SROIQ/00508.owl.DL.owl.SROIQ.owl,,,,,,,
/home/ms23af/sequoiarsync/parallel-sequoia/testing/data/oxfordcorpus-fixed-dl-SROIQ/00509.owl.DL.owl.SROIQ.owl,,,,,,,
/home/ms23af/sequoiarsync/parallel-sequoia/testing/data/oxfordcorpus-fixed-dl-SROIQ/00510.owl.DL.owl.SROIQ.owl,,,,,,,
/home/ms23af/sequoiarsync/parallel-sequoia/testing/data/oxfordcorpus-fixed-dl-SROIQ/00511.owl.DL.owl.SROIQ.owl,,,,,,,
/home/ms23af/sequoiarsync/parallel-sequoia/testing/data/oxfordcorpus-fixed-dl-SROIQ/00512.owl.DL.owl.SROIQ.owl,,,,,,,
/home/ms23af/sequoiarsync/parallel-sequoia/testing/data/oxfordcorpus-fixed-dl-SROIQ/00513.owl.DL.owl.SROIQ.owl,,,,,,,
/home/ms23af/sequoiarsync/parallel-sequoia/testing/data/oxfordcorpus-fixed-dl-SROIQ/00514.owl.DL.owl.SROIQ.owl,,,,,,,
/home/ms23af/sequoiarsync/parallel-sequoia/testing/data/oxfordcorpus-fixed-dl-SROIQ/00515.owl.DL.owl.SROIQ.owl,,,,,,,
/home/ms23af/sequoiarsync/parallel-sequoia/testing/data/oxfordcorpus-fixed-dl-SROIQ/00516.owl.DL.owl.SROIQ.owl,,,,,,,
/home/ms23af/sequoiarsync/parallel-sequoia/testing/data/oxfordcorpus-fixed-dl-SROIQ/00517.owl.DL.owl.SROIQ.owl,,,,,,,
/home/ms23af/sequoiarsync/parallel-sequoia/testing/data/oxfordcorpus-fixed-dl-SROIQ/00518.owl.DL.owl.SROIQ.owl,,,,,,,
/home/ms23af/sequoiarsync/parallel-sequoia/testing/data/oxfordcorpus-fixed-dl-SROIQ/00519.owl.DL.owl.SROIQ.owl,,,,,,,
/home/ms23af/sequoiarsync/parallel-sequoia/testing/data/oxfordcorpus-fixed-dl-SROIQ/00520.owl.DL.owl.SROIQ.owl,,,,,,,
/home/ms23af/sequoiarsync/parallel-sequoia/testing/data/oxfordcorpus-fixed-dl-SROIQ/00521.owl.DL.owl.SROIQ.owl,,,,,,,
/home/ms23af/sequoiarsync/parallel-sequoia/testing/data/oxfordcorpus-fixed-dl-SROIQ/00522.owl.DL.owl.SROIQ.owl,,,,,,,
/home/ms23af/sequoiarsync/parallel-sequoia/testing/data/oxfordcorpus-fixed-dl-SROIQ/00523.owl.DL.owl.SROIQ.owl,,,,,,,
/home/ms23af/sequoiarsync/parallel-sequoia/testing/data/oxfordcorpus-fixed-dl-SROIQ/00524.owl.DL.owl.SROIQ.owl,,,,,,,
/home/ms23af/sequoiarsync/parallel-sequoia/testing/data/oxfordcorpus-fixed-dl-SROIQ/00525.owl.DL.owl.SROIQ.owl,,,,,,,
/home/ms23af/sequoiarsync/parallel-sequoia/testing/data/oxfordcorpus-fixed-dl-SROIQ/00526.owl.DL.owl.SROIQ.owl,,,,,,,
/home/ms23af/sequoiarsync/parallel-sequoia/testing/data/oxfordcorpus-fixed-dl-SROIQ/00527.owl.DL.owl.SROIQ.owl,,,,,,,
/home/ms23af/sequoiarsync/parallel-sequoia/testing/data/oxfordcorpus-fixed-dl-SROIQ/00528.owl.DL.owl.SROIQ.owl,,,,,,,
/home/ms23af/sequoiarsync/parallel-sequoia/testing/data/oxfordcorpus-fixed-dl-SROIQ/00529.owl.DL.owl.SROIQ.owl,,,,,,,
/home/ms23af/sequoiarsync/parallel-sequoia/testing/data/oxfordcorpus-fixed-dl-SROIQ/00530.owl.DL.owl.SROIQ.owl,,,,,,,
/home/ms23af/sequoiarsync/parallel-sequoia/testing/data/oxfordcorpus-fixed-dl-SROIQ/00531.owl.DL.owl.SROIQ.owl,,,,,,,
/home/ms23af/sequoiarsync/parallel-sequoia/testing/data/oxfordcorpus-fixed-dl-SROIQ/00532.owl.DL.owl.SROIQ.owl,,,,,,,
/home/ms23af/sequoiarsync/parallel-sequoia/testing/data/oxfordcorpus-fixed-dl-SROIQ/00533.owl.DL.owl.SROIQ.owl,,,,,,,
/home/ms23af/sequoiarsync/parallel-sequoia/testing/data/oxfordcorpus-fixed-dl-SROIQ/00534.owl.DL.owl.SROIQ.owl,,,,,,,
/home/ms23af/sequoiarsync/parallel-sequoia/testing/data/oxfordcorpus-fixed-dl-SROIQ/00535.owl.DL.owl.SROIQ.owl,,,,,,,
/home/ms23af/sequoiarsync/parallel-sequoia/testing/data/oxfordcorpus-fixed-dl-SROIQ/00536.owl.DL.owl.SROIQ.owl,,,,,,,
/home/ms23af/sequoiarsync/parallel-sequoia/testing/data/oxfordcorpus-fixed-dl-SROIQ/00537.owl.DL.owl.SROIQ.owl,,,,,,,
/home/ms23af/sequoiarsync/parallel-sequoia/testing/data/oxfordcorpus-fixed-dl-SROIQ/00538.owl.DL.owl.SROIQ.owl,,,,,,,
/home/ms23af/sequoiarsync/parallel-sequoia/testing/data/oxfordcorpus-fixed-dl-SROIQ/00539.owl.DL.owl.SROIQ.owl,,,,,,,
/home/ms23af/sequoiarsync/parallel-sequoia/testing/data/oxfordcorpus-fixed-dl-SROIQ/00540.owl.DL.owl.SROIQ.owl,,,,,,,
/home/ms23af/sequoiarsync/parallel-sequoia/testing/data/oxfordcorpus-fixed-dl-SROIQ/00541.owl.DL.owl.SROIQ.owl,,,,,,,
/home/ms23af/sequoiarsync/parallel-sequoia/testing/data/oxfordcorpus-fixed-dl-SROIQ/00542.owl.DL.owl.SROIQ.owl,,,,,,,
/home/ms23af/sequoiarsync/parallel-sequoia/testing/data/oxfordcorpus-fixed-dl-SROIQ/00543.owl.DL.owl.SROIQ.owl,,,,,,,
/home/ms23af/sequoiarsync/parallel-sequoia/testing/data/oxfordcorpus-fixed-dl-SROIQ/00544.owl.DL.owl.SROIQ.owl,,,,,,,
/home/ms23af/sequoiarsync/parallel-sequoia/testing/data/oxfordcorpus-fixed-dl-SROIQ/00545.owl.DL.owl.SROIQ.owl,,,,,,,
/home/ms23af/sequoiarsync/parallel-sequoia/testing/data/oxfordcorpus-fixed-dl-SROIQ/00546.owl.DL.owl.SROIQ.owl,,,,,,,
/home/ms23af/sequoiarsync/parallel-sequoia/testing/data/oxfordcorpus-fixed-dl-SROIQ/00547.owl.DL.owl.SROIQ.owl,,,,,,,
/home/ms23af/sequoiarsync/parallel-sequoia/testing/data/oxfordcorpus-fixed-dl-SROIQ/00548.owl.DL.owl.SROIQ.owl,,,,,,,
/home/ms23af/sequoiarsync/parallel-sequoia/testing/data/oxfordcorpus-fixed-dl-SROIQ/00549.owl.DL.owl.SROIQ.owl,,,,,,,
/home/ms23af/sequoiarsync/parallel-sequoia/testing/data/oxfordcorpus-fixed-dl-SROIQ/00550.owl.DL.owl.SROIQ.owl,,,,,,,
/home/ms23af/sequoiarsync/parallel-sequoia/testing/data/oxfordcorpus-fixed-dl-SROIQ/00551.owl.DL.owl.SROIQ.owl,,,,,,,
/home/ms23af/sequoiarsync/parallel-sequoia/testing/data/oxfordcorpus-fixed-dl-SROIQ/00552.owl.DL.owl.SROIQ.owl,,,,,,,
/home/ms23af/sequoiarsync/parallel-sequoia/testing/data/oxfordcorpus-fixed-dl-SROIQ/00553.owl.DL.owl.SROIQ.owl,,,,,,,
/home/ms23af/sequoiarsync/parallel-sequoia/testing/data/oxfordcorpus-fixed-dl-SROIQ/00554.owl.DL.owl.SROIQ.owl,,,,,,,
/home/ms23af/sequoiarsync/parallel-sequoia/testing/data/oxfordcorpus-fixed-dl-SROIQ/00555.owl.DL.owl.SROIQ.owl,,,,,,,
/home/ms23af/sequoiarsync/parallel-sequoia/testing/data/oxfordcorpus-fixed-dl-SROIQ/00556.owl.DL.owl.SROIQ.owl,,,,,,,
/home/ms23af/sequoiarsync/parallel-sequoia/testing/data/oxfordcorpus-fixed-dl-SROIQ/00557.owl.DL.owl.SROIQ.owl,,,,,,,
/home/ms23af/sequoiarsync/parallel-sequoia/testing/data/oxfordcorpus-fixed-dl-SROIQ/00558.owl.DL.owl.SROIQ.owl,,,,,,,
/home/ms23af/sequoiarsync/parallel-sequoia/testing/data/oxfordcorpus-fixed-dl-SROIQ/00559.owl.DL.owl.SROIQ.owl,,,,,,,
/home/ms23af/sequoiarsync/parallel-sequoia/testing/data/oxfordcorpus-fixed-dl-SROIQ/00560.owl.DL.owl.SROIQ.owl,,,,,,,
/home/ms23af/sequoiarsync/parallel-sequoia/testing/data/oxfordcorpus-fixed-dl-SROIQ/00561.owl.DL.owl.SROIQ.owl,,,,,,,
/home/ms23af/sequoiarsync/parallel-sequoia/testing/data/oxfordcorpus-fixed-dl-SROIQ/00562.owl.DL.owl.SROIQ.owl,,,,,,,
/home/ms23af/sequoiarsync/parallel-sequoia/testing/data/oxfordcorpus-fixed-dl-SROIQ/00563.owl.DL.owl.SROIQ.owl,,,,,,,
/home/ms23af/sequoiarsync/parallel-sequoia/testing/data/oxfordcorpus-fixed-dl-SROIQ/00564.owl.DL.owl.SROIQ.owl,,,,,,,
/home/ms23af/sequoiarsync/parallel-sequoia/testing/data/oxfordcorpus-fixed-dl-SROIQ/00565.owl.DL.owl.SROIQ.owl,,,,,,,
/home/ms23af/sequoiarsync/parallel-sequoia/testing/data/oxfordcorpus-fixed-dl-SROIQ/00566.owl.DL.owl.SROIQ.owl,,,,,,,
/home/ms23af/sequoiarsync/parallel-sequoia/testing/data/oxfordcorpus-fixed-dl-SROIQ/00567.owl.DL.owl.SROIQ.owl,,,,,,,
/home/ms23af/sequoiarsync/parallel-sequoia/testing/data/oxfordcorpus-fixed-dl-SROIQ/00568.owl.DL.owl.SROIQ.owl,,,,,,,
/home/ms23af/sequoiarsync/parallel-sequoia/testing/data/oxfordcorpus-fixed-dl-SROIQ/00569.owl.DL.owl.SROIQ.owl,,,,,,,
/home/ms23af/sequoiarsync/parallel-sequoia/testing/data/oxfordcorpus-fixed-dl-SROIQ/00570.owl.DL.owl.SROIQ.owl,,,,,,,
/home/ms23af/sequoiarsync/parallel-sequoia/testing/data/oxfordcorpus-fixed-dl-SROIQ/00571.owl.DL.owl.SROIQ.owl,,,,,,,
/home/ms23af/sequoiarsync/parallel-sequoia/testing/data/oxfordcorpus-fixed-dl-SROIQ/00572.owl.DL.owl.SROIQ.owl,,,,,,,
/home/ms23af/sequoiarsync/parallel-sequoia/testing/data/oxfordcorpus-fixed-dl-SROIQ/00573.owl.DL.owl.SROIQ.owl,,,,,,,
/home/ms23af/sequoiarsync/parallel-sequoia/testing/data/oxfordcorpus-fixed-dl-SROIQ/00574.owl.DL.owl.SROIQ.owl,,,,,,,
/home/ms23af/sequoiarsync/parallel-sequoia/testing/data/oxfordcorpus-fixed-dl-SROIQ/00575.owl.DL.owl.SROIQ.owl,,,,,,,
/home/ms23af/sequoiarsync/parallel-sequoia/testing/data/oxfordcorpus-fixed-dl-SROIQ/00576.owl.DL.owl.SROIQ.owl,,,,,,,
/home/ms23af/sequoiarsync/parallel-sequoia/testing/data/oxfordcorpus-fixed-dl-SROIQ/00577.owl.DL.owl.SROIQ.owl,,,,,,,
/home/ms23af/sequoiarsync/parallel-sequoia/testing/data/oxfordcorpus-fixed-dl-SROIQ/00578.owl.DL.owl.SROIQ.owl,,,,,,,
/home/ms23af/sequoiarsync/parallel-sequoia/testing/data/oxfordcorpus-fixed-dl-SROIQ/00579.owl.DL.owl.SROIQ.owl,,,,,,,
/home/ms23af/sequoiarsync/parallel-sequoia/testing/data/oxfordcorpus-fixed-dl-SROIQ/00580.owl.DL.owl.SROIQ.owl,,,,,,,
/home/ms23af/sequoiarsync/parallel-sequoia/testing/data/oxfordcorpus-fixed-dl-SROIQ/00581.owl.DL.owl.SROIQ.owl,,,,,,,
/home/ms23af/sequoiarsync/parallel-sequoia/testing/data/oxfordcorpus-fixed-dl-SROIQ/00582.owl.DL.owl.SROIQ.owl,,,,,,,
/home/ms23af/sequoiarsync/parallel-sequoia/testing/data/oxfordcorpus-fixed-dl-SROIQ/00583.owl.DL.owl.SROIQ.owl,,,,,,,
/home/ms23af/sequoiarsync/parallel-sequoia/testing/data/oxfordcorpus-fixed-dl-SROIQ/00584.owl.DL.owl.SROIQ.owl,,,,,,,
/home/ms23af/sequoiarsync/parallel-sequoia/testing/data/oxfordcorpus-fixed-dl-SROIQ/00585.owl.DL.owl.SROIQ.owl,,,,,,,
/home/ms23af/sequoiarsync/parallel-sequoia/testing/data/oxfordcorpus-fixed-dl-SROIQ/00586.owl.DL.owl.SROIQ.owl,,,,,,,
/home/ms23af/sequoiarsync/parallel-sequoia/testing/data/oxfordcorpus-fixed-dl-SROIQ/00587.owl.DL.owl.SROIQ.owl,,,,,,,
/home/ms23af/sequoiarsync/parallel-sequoia/testing/data/oxfordcorpus-fixed-dl-SROIQ/00588.owl.DL.owl.SROIQ.owl,,,,,,,
/home/ms23af/sequoiarsync/parallel-sequoia/testing/data/oxfordcorpus-fixed-dl-SROIQ/00589.owl.DL.owl.SROIQ.owl,,,,,,,
/home/ms23af/sequoiarsync/parallel-sequoia/testing/data/oxfordcorpus-fixed-dl-SROIQ/00590.owl.DL.owl.SROIQ.owl,,,,,,,
/home/ms23af/sequoiarsync/parallel-sequoia/testing/data/oxfordcorpus-fixed-dl-SROIQ/00591.owl.DL.owl.SROIQ.owl,,,,,,,
/home/ms23af/sequoiarsync/parallel-sequoia/testing/data/oxfordcorpus-fixed-dl-SROIQ/00592.owl.DL.owl.SROIQ.owl,,,,,,,
/home/ms23af/sequoiarsync/parallel-sequoia/testing/data/oxfordcorpus-fixed-dl-SROIQ/00593.owl.DL.owl.SROIQ.owl,,,,,,,
/home/ms23af/sequoiarsync/parallel-sequoia/testing/data/oxfordcorpus-fixed-dl-SROIQ/00594.owl.DL.owl.SROIQ.owl,,,,,,,
/home/ms23af/sequoiarsync/parallel-sequoia/testing/data/oxfordcorpus-fixed-dl-SROIQ/00595.owl.DL.owl.SROIQ.owl,,,,,,,
/home/ms23af/sequoiarsync/parallel-sequoia/testing/data/oxfordcorpus-fixed-dl-SROIQ/00596.owl.DL.owl.SROIQ.owl,,,,,,,
/home/ms23af/sequoiarsync/parallel-sequoia/testing/data/oxfordcorpus-fixed-dl-SROIQ/00597.owl.DL.owl.SROIQ.owl,,,,,,,
/home/ms23af/sequoiarsync/parallel-sequoia/testing/data/oxfordcorpus-fixed-dl-SROIQ/00598.owl.DL.owl.SROIQ.owl,,,,,,,
/home/ms23af/sequoiarsync/parallel-sequoia/testing/data/oxfordcorpus-fixed-dl-SROIQ/00599.owl.DL.owl.SROIQ.owl,,,,,,,
/home/ms23af/sequoiarsync/parallel-sequoia/testing/data/oxfordcorpus-fixed-dl-SROIQ/00600.owl.DL.owl.SROIQ.owl,,,,,,,
/home/ms23af/sequoiarsync/parallel-sequoia/testing/data/oxfordcorpus-fixed-dl-SROIQ/00601.owl.DL.owl.SROIQ.owl,,,,,,,
/home/ms23af/sequoiarsync/parallel-sequoia/testing/data/oxfordcorpus-fixed-dl-SROIQ/00602.owl.DL.owl.SROIQ.owl,,,,,,,
/home/ms23af/sequoiarsync/parallel-sequoia/testing/data/oxfordcorpus-fixed-dl-SROIQ/00603.owl.DL.owl.SROIQ.owl,,,,,,,
/home/ms23af/sequoiarsync/parallel-sequoia/testing/data/oxfordcorpus-fixed-dl-SROIQ/00604.owl.DL.owl.SROIQ.owl,,,,,,,
/home/ms23af/sequoiarsync/parallel-sequoia/testing/data/oxfordcorpus-fixed-dl-SROIQ/00605.owl.DL.owl.SROIQ.owl,,,,,,,
/home/ms23af/sequoiarsync/parallel-sequoia/testing/data/oxfordcorpus-fixed-dl-SROIQ/00606.owl.DL.owl.SROIQ.owl,,,,,,,
/home/ms23af/sequoiarsync/parallel-sequoia/testing/data/oxfordcorpus-fixed-dl-SROIQ/00607.owl.DL.owl.SROIQ.owl,,,,,,,
/home/ms23af/sequoiarsync/parallel-sequoia/testing/data/oxfordcorpus-fixed-dl-SROIQ/00608.owl.DL.owl.SROIQ.owl,,,,,,,
/home/ms23af/sequoiarsync/parallel-sequoia/testing/data/oxfordcorpus-fixed-dl-SROIQ/00609.owl.DL.owl.SROIQ.owl,,,,,,,
/home/ms23af/sequoiarsync/parallel-sequoia/testing/data/oxfordcorpus-fixed-dl-SROIQ/00610.owl.DL.owl.SROIQ.owl,,,,,,,
/home/ms23af/sequoiarsync/parallel-sequoia/testing/data/oxfordcorpus-fixed-dl-SROIQ/00611.owl.DL.owl.SROIQ.owl,,,,,,,
/home/ms23af/sequoiarsync/parallel-sequoia/testing/data/oxfordcorpus-fixed-dl-SROIQ/00612.owl.DL.owl.SROIQ.owl,,,,,,,
/home/ms23af/sequoiarsync/parallel-sequoia/testing/data/oxfordcorpus-fixed-dl-SROIQ/00613.owl.DL.owl.SROIQ.owl,,,,,,,
/home/ms23af/sequoiarsync/parallel-sequoia/testing/data/oxfordcorpus-fixed-dl-SROIQ/00614.owl.DL.owl.SROIQ.owl,,,,,,,
/home/ms23af/sequoiarsync/parallel-sequoia/testing/data/oxfordcorpus-fixed-dl-SROIQ/00615.owl.DL.owl.SROIQ.owl,,,,,,,
/home/ms23af/sequoiarsync/parallel-sequoia/testing/data/oxfordcorpus-fixed-dl-SROIQ/00616.owl.DL.owl.SROIQ.owl,,,,,,,
/home/ms23af/sequoiarsync/parallel-sequoia/testing/data/oxfordcorpus-fixed-dl-SROIQ/00617.owl.DL.owl.SROIQ.owl,,,,,,,
/home/ms23af/sequoiarsync/parallel-sequoia/testing/data/oxfordcorpus-fixed-dl-SROIQ/00618.owl.DL.owl.SROIQ.owl,,,,,,,
/home/ms23af/sequoiarsync/parallel-sequoia/testing/data/oxfordcorpus-fixed-dl-SROIQ/00619.owl.DL.owl.SROIQ.owl,,,,,,,
/home/ms23af/sequoiarsync/parallel-sequoia/testing/data/oxfordcorpus-fixed-dl-SROIQ/00620.owl.DL.owl.SROIQ.owl,,,,,,,
/home/ms23af/sequoiarsync/parallel-sequoia/testing/data/oxfordcorpus-fixed-dl-SROIQ/00621.owl.DL.owl.SROIQ.owl,,,,,,,
/home/ms23af/sequoiarsync/parallel-sequoia/testing/data/oxfordcorpus-fixed-dl-SROIQ/00622.owl.DL.owl.SROIQ.owl,,,,,,,
/home/ms23af/sequoiarsync/parallel-sequoia/testing/data/oxfordcorpus-fixed-dl-SROIQ/00623.owl.DL.owl.SROIQ.owl,,,,,,,
/home/ms23af/sequoiarsync/parallel-sequoia/testing/data/oxfordcorpus-fixed-dl-SROIQ/00624.owl.DL.owl.SROIQ.owl,,,,,,,
/home/ms23af/sequoiarsync/parallel-sequoia/testing/data/oxfordcorpus-fixed-dl-SROIQ/00625.owl.DL.owl.SROIQ.owl,,,,,,,
/home/ms23af/sequoiarsync/parallel-sequoia/testing/data/oxfordcorpus-fixed-dl-SROIQ/00626.owl.DL.owl.SROIQ.owl,,,,,,,
/home/ms23af/sequoiarsync/parallel-sequoia/testing/data/oxfordcorpus-fixed-dl-SROIQ/00627.owl.DL.owl.SROIQ.owl,,,,,,,
/home/ms23af/sequoiarsync/parallel-sequoia/testing/data/oxfordcorpus-fixed-dl-SROIQ/00628.owl.DL.owl.SROIQ.owl,,,,,,,
/home/ms23af/sequoiarsync/parallel-sequoia/testing/data/oxfordcorpus-fixed-dl-SROIQ/00629.owl.DL.owl.SROIQ.owl,,,,,,,
/home/ms23af/sequoiarsync/parallel-sequoia/testing/data/oxfordcorpus-fixed-dl-SROIQ/00630.owl.DL.owl.SROIQ.owl,,,,,,,
/home/ms23af/sequoiarsync/parallel-sequoia/testing/data/oxfordcorpus-fixed-dl-SROIQ/00631.owl.DL.owl.SROIQ.owl,,,,,,,
/home/ms23af/sequoiarsync/parallel-sequoia/testing/data/oxfordcorpus-fixed-dl-SROIQ/00632.owl.DL.owl.SROIQ.owl,,,,,,,
/home/ms23af/sequoiarsync/parallel-sequoia/testing/data/oxfordcorpus-fixed-dl-SROIQ/00633.owl.DL.owl.SROIQ.owl,,,,,,,
/home/ms23af/sequoiarsync/parallel-sequoia/testing/data/oxfordcorpus-fixed-dl-SROIQ/00634.owl.DL.owl.SROIQ.owl,,,,,,,
/home/ms23af/sequoiarsync/parallel-sequoia/testing/data/oxfordcorpus-fixed-dl-SROIQ/00635.owl.DL.owl.SROIQ.owl,,,,,,,
/home/ms23af/sequoiarsync/parallel-sequoia/testing/data/oxfordcorpus-fixed-dl-SROIQ/00636.owl.DL.owl.SROIQ.owl,,,,,,,
/home/ms23af/sequoiarsync/parallel-sequoia/testing/data/oxfordcorpus-fixed-dl-SROIQ/00637.owl.DL.owl.SROIQ.owl,,,,,,,
/home/ms23af/sequoiarsync/parallel-sequoia/testing/data/oxfordcorpus-fixed-dl-SROIQ/00638.owl.DL.owl.SROIQ.owl,,,,,,,
/home/ms23af/sequoiarsync/parallel-sequoia/testing/data/oxfordcorpus-fixed-dl-SROIQ/00639.owl.DL.owl.SROIQ.owl,,,,,,,
/home/ms23af/sequoiarsync/parallel-sequoia/testing/data/oxfordcorpus-fixed-dl-SROIQ/00640.owl.DL.owl.SROIQ.owl,,,,,,,
/home/ms23af/sequoiarsync/parallel-sequoia/testing/data/oxfordcorpus-fixed-dl-SROIQ/00641.owl.DL.owl.SROIQ.owl,,,,,,,
/home/ms23af/sequoiarsync/parallel-sequoia/testing/data/oxfordcorpus-fixed-dl-SROIQ/00642.owl.DL.owl.SROIQ.owl,,,,,,,
/home/ms23af/sequoiarsync/parallel-sequoia/testing/data/oxfordcorpus-fixed-dl-SROIQ/00643.owl.DL.owl.SROIQ.owl,,,,,,,
/home/ms23af/sequoiarsync/parallel-sequoia/testing/data/oxfordcorpus-fixed-dl-SROIQ/00644.owl.DL.owl.SROIQ.owl,,,,,,,
/home/ms23af/sequoiarsync/parallel-sequoia/testing/data/oxfordcorpus-fixed-dl-SROIQ/00645.owl.DL.owl.SROIQ.owl,,,,,,,
/home/ms23af/sequoiarsync/parallel-sequoia/testing/data/oxfordcorpus-fixed-dl-SROIQ/00646.owl.DL.owl.SROIQ.owl,,,,,,,
/home/ms23af/sequoiarsync/parallel-sequoia/testing/data/oxfordcorpus-fixed-dl-SROIQ/00647.owl.DL.owl.SROIQ.owl,,,,,,,
/home/ms23af/sequoiarsync/parallel-sequoia/testing/data/oxfordcorpus-fixed-dl-SROIQ/00648.owl.DL.owl.SROIQ.owl,,,,,,,
/home/ms23af/sequoiarsync/parallel-sequoia/testing/data/oxfordcorpus-fixed-dl-SROIQ/00649.owl.DL.owl.SROIQ.owl,,,,,,,
/home/ms23af/sequoiarsync/parallel-sequoia/testing/data/oxfordcorpus-fixed-dl-SROIQ/00650.owl.DL.owl.SROIQ.owl,,,,,,,
/home/ms23af/sequoiarsync/parallel-sequoia/testing/data/oxfordcorpus-fixed-dl-SROIQ/00651.owl.DL.owl.SROIQ.owl,,,,,,,
/home/ms23af/sequoiarsync/parallel-sequoia/testing/data/oxfordcorpus-fixed-dl-SROIQ/00652.owl.DL.owl.SROIQ.owl,,,,,,,
/home/ms23af/sequoiarsync/parallel-sequoia/testing/data/oxfordcorpus-fixed-dl-SROIQ/00653.owl.DL.owl.SROIQ.owl,,,,,,,
/home/ms23af/sequoiarsync/parallel-sequoia/testing/data/oxfordcorpus-fixed-dl-SROIQ/00654.owl.DL.owl.SROIQ.owl,,,,,,,
/home/ms23af/sequoiarsync/parallel-sequoia/testing/data/oxfordcorpus-fixed-dl-SROIQ/00655.owl.DL.owl.SROIQ.owl,,,,,,,
/home/ms23af/sequoiarsync/parallel-sequoia/testing/data/oxfordcorpus-fixed-dl-SROIQ/00656.owl.DL.owl.SROIQ.owl,,,,,,,
/home/ms23af/sequoiarsync/parallel-sequoia/testing/data/oxfordcorpus-fixed-dl-SROIQ/00657.owl.DL.owl.SROIQ.owl,,,,,,,
/home/ms23af/sequoiarsync/parallel-sequoia/testing/data/oxfordcorpus-fixed-dl-SROIQ/00658.owl.DL.owl.SROIQ.owl,,,,,,,
/home/ms23af/sequoiarsync/parallel-sequoia/testing/data/oxfordcorpus-fixed-dl-SROIQ/00659.owl.DL.owl.SROIQ.owl,,,,,,,
/home/ms23af/sequoiarsync/parallel-sequoia/testing/data/oxfordcorpus-fixed-dl-SROIQ/00660.owl.DL.owl.SROIQ.owl,,,,,,,
/home/ms23af/sequoiarsync/parallel-sequoia/testing/data/oxfordcorpus-fixed-dl-SROIQ/00661.owl.DL.owl.SROIQ.owl,,,,,,,
/home/ms23af/sequoiarsync/parallel-sequoia/testing/data/oxfordcorpus-fixed-dl-SROIQ/00662.owl.DL.owl.SROIQ.owl,,,,,,,
/home/ms23af/sequoiarsync/parallel-sequoia/testing/data/oxfordcorpus-fixed-dl-SROIQ/00663.owl.DL.owl.SROIQ.owl,,,,,,,
/home/ms23af/sequoiarsync/parallel-sequoia/testing/data/oxfordcorpus-fixed-dl-SROIQ/00664.owl.DL.owl.SROIQ.owl,,,,,,,
/home/ms23af/sequoiarsync/parallel-sequoia/testing/data/oxfordcorpus-fixed-dl-SROIQ/00665.owl.DL.owl.SROIQ.owl,,,,,,,
/home/ms23af/sequoiarsync/parallel-sequoia/testing/data/oxfordcorpus-fixed-dl-SROIQ/00666.owl.DL.owl.SROIQ.owl,,,,,,,
/home/ms23af/sequoiarsync/parallel-sequoia/testing/data/oxfordcorpus-fixed-dl-SROIQ/00667.owl.DL.owl.SROIQ.owl,,,,,,,
/home/ms23af/sequoiarsync/parallel-sequoia/testing/data/oxfordcorpus-fixed-dl-SROIQ/00668.owl.DL.owl.SROIQ.owl,,,,,,,
/home/ms23af/sequoiarsync/parallel-sequoia/testing/data/oxfordcorpus-fixed-dl-SROIQ/00669.owl.DL.owl.SROIQ.owl,,,,,,,
/home/ms23af/sequoiarsync/parallel-sequoia/testing/data/oxfordcorpus-fixed-dl-SROIQ/00670.owl.DL.owl.SROIQ.owl,,,,,,,
/home/ms23af/sequoiarsync/parallel-sequoia/testing/data/oxfordcorpus-fixed-dl-SROIQ/00671.owl.DL.owl.SROIQ.owl,,,,,,,
/home/ms23af/sequoiarsync/parallel-sequoia/testing/data/oxfordcorpus-fixed-dl-SROIQ/00672.owl.DL.owl.SROIQ.owl,,,,,,,
/home/ms23af/sequoiarsync/parallel-sequoia/testing/data/oxfordcorpus-fixed-dl-SROIQ/00673.owl.DL.owl.SROIQ.owl,,,,,,,
/home/ms23af/sequoiarsync/parallel-sequoia/testing/data/oxfordcorpus-fixed-dl-SROIQ/00674.owl.DL.owl.SROIQ.owl,,,,,,,
/home/ms23af/sequoiarsync/parallel-sequoia/testing/data/oxfordcorpus-fixed-dl-SROIQ/00675.owl.DL.owl.SROIQ.owl,,,,,,,
/home/ms23af/sequoiarsync/parallel-sequoia/testing/data/oxfordcorpus-fixed-dl-SROIQ/00676.owl.DL.owl.SROIQ.owl,,,,,,,
/home/ms23af/sequoiarsync/parallel-sequoia/testing/data/oxfordcorpus-fixed-dl-SROIQ/00677.owl.DL.owl.SROIQ.owl,,,,,,,
/home/ms23af/sequoiarsync/parallel-sequoia/testing/data/oxfordcorpus-fixed-dl-SROIQ/00678.owl.DL.owl.SROIQ.owl,,,,,,,
/home/ms23af/sequoiarsync/parallel-sequoia/testing/data/oxfordcorpus-fixed-dl-SROIQ/00679.owl.DL.owl.SROIQ.owl,,,,,,,
/home/ms23af/sequoiarsync/parallel-sequoia/testing/data/oxfordcorpus-fixed-dl-SROIQ/00680.owl.DL.owl.SROIQ.owl,,,,,,,
/home/ms23af/sequoiarsync/parallel-sequoia/testing/data/oxfordcorpus-fixed-dl-SROIQ/00681.owl.DL.owl.SROIQ.owl,,,,,,,
/home/ms23af/sequoiarsync/parallel-sequoia/testing/data/oxfordcorpus-fixed-dl-SROIQ/00682.owl.DL.owl.SROIQ.owl,,,,,,,
/home/ms23af/sequoiarsync/parallel-sequoia/testing/data/oxfordcorpus-fixed-dl-SROIQ/00683.owl.DL.owl.SROIQ.owl,,,,,,,
/home/ms23af/sequoiarsync/parallel-sequoia/testing/data/oxfordcorpus-fixed-dl-SROIQ/00684.owl.DL.owl.SROIQ.owl,,,,,,,
/home/ms23af/sequoiarsync/parallel-sequoia/testing/data/oxfordcorpus-fixed-dl-SROIQ/00685.owl.DL.owl.SROIQ.owl,,,,,,,
/home/ms23af/sequoiarsync/parallel-sequoia/testing/data/oxfordcorpus-fixed-dl-SROIQ/00686.owl.DL.owl.SROIQ.owl,,,,,,,
/home/ms23af/sequoiarsync/parallel-sequoia/testing/data/oxfordcorpus-fixed-dl-SROIQ/00687.owl.DL.owl.SROIQ.owl,,,,,,,
/home/ms23af/sequoiarsync/parallel-sequoia/testing/data/oxfordcorpus-fixed-dl-SROIQ/00688.owl.DL.owl.SROIQ.owl,,,,,,,
/home/ms23af/sequoiarsync/parallel-sequoia/testing/data/oxfordcorpus-fixed-dl-SROIQ/00689.owl.DL.owl.SROIQ.owl,,,,,,,
/home/ms23af/sequoiarsync/parallel-sequoia/testing/data/oxfordcorpus-fixed-dl-SROIQ/00690.owl.DL.owl.SROIQ.owl,,,,,,,
/home/ms23af/sequoiarsync/parallel-sequoia/testing/data/oxfordcorpus-fixed-dl-SROIQ/00691.owl.DL.owl.SROIQ.owl,,,,,,,
/home/ms23af/sequoiarsync/parallel-sequoia/testing/data/oxfordcorpus-fixed-dl-SROIQ/00692.owl.DL.owl.SROIQ.owl,,,,,,,
/home/ms23af/sequoiarsync/parallel-sequoia/testing/data/oxfordcorpus-fixed-dl-SROIQ/00693.owl.DL.owl.SROIQ.owl,,,,,,,
/home/ms23af/sequoiarsync/parallel-sequoia/testing/data/oxfordcorpus-fixed-dl-SROIQ/00694.owl.DL.owl.SROIQ.owl,,,,,,,
/home/ms23af/sequoiarsync/parallel-sequoia/testing/data/oxfordcorpus-fixed-dl-SROIQ/00695.owl.DL.owl.SROIQ.owl,,,,,,,
/home/ms23af/sequoiarsync/parallel-sequoia/testing/data/oxfordcorpus-fixed-dl-SROIQ/00696.owl.DL.owl.SROIQ.owl,,,,,,,
/home/ms23af/sequoiarsync/parallel-sequoia/testing/data/oxfordcorpus-fixed-dl-SROIQ/00697.owl.DL.owl.SROIQ.owl,,,,,,,
/home/ms23af/sequoiarsync/parallel-sequoia/testing/data/oxfordcorpus-fixed-dl-SROIQ/00698.owl.DL.owl.SROIQ.owl,,,,,,,
/home/ms23af/sequoiarsync/parallel-sequoia/testing/data/oxfordcorpus-fixed-dl-SROIQ/00699.owl.DL.owl.SROIQ.owl,,,,,,,
/home/ms23af/sequoiarsync/parallel-sequoia/testing/data/oxfordcorpus-fixed-dl-SROIQ/00700.owl.DL.owl.SROIQ.owl,,,,,,,
/home/ms23af/sequoiarsync/parallel-sequoia/testing/data/oxfordcorpus-fixed-dl-SROIQ/00701.owl.DL.owl.SROIQ.owl,,,,,,,
/home/ms23af/sequoiarsync/parallel-sequoia/testing/data/oxfordcorpus-fixed-dl-SROIQ/00702.owl.DL.owl.SROIQ.owl,,,,,,,
/home/ms23af/sequoiarsync/parallel-sequoia/testing/data/oxfordcorpus-fixed-dl-SROIQ/00703.owl.DL.owl.SROIQ.owl,,,,,,,
/home/ms23af/sequoiarsync/parallel-sequoia/testing/data/oxfordcorpus-fixed-dl-SROIQ/00704.owl.DL.owl.SROIQ.owl,,,,,,,
/home/ms23af/sequoiarsync/parallel-sequoia/testing/data/oxfordcorpus-fixed-dl-SROIQ/00705.owl.DL.owl.SROIQ.owl,,,,,,,
/home/ms23af/sequoiarsync/parallel-sequoia/testing/data/oxfordcorpus-fixed-dl-SROIQ/00706.owl.DL.owl.SROIQ.owl,,,,,,,
/home/ms23af/sequoiarsync/parallel-sequoia/testing/data/oxfordcorpus-fixed-dl-SROIQ/00707.owl.DL.owl.SROIQ.owl,,,,,,,
/home/ms23af/sequoiarsync/parallel-sequoia/testing/data/oxfordcorpus-fixed-dl-SROIQ/00708.owl.DL.owl.SROIQ.owl,,,,,,,
/home/ms23af/sequoiarsync/parallel-sequoia/testing/data/oxfordcorpus-fixed-dl-SROIQ/00709.owl.DL.owl.SROIQ.owl,,,,,,,
/home/ms23af/sequoiarsync/parallel-sequoia/testing/data/oxfordcorpus-fixed-dl-SROIQ/00710.owl.DL.owl.SROIQ.owl,,,,,,,
/home/ms23af/sequoiarsync/parallel-sequoia/testing/data/oxfordcorpus-fixed-dl-SROIQ/00711.owl.DL.owl.SROIQ.owl,,,,,,,
/home/ms23af/sequoiarsync/parallel-sequoia/testing/data/oxfordcorpus-fixed-dl-SROIQ/00712.owl.DL.owl.SROIQ.owl,,,,,,,
/home/ms23af/sequoiarsync/parallel-sequoia/testing/data/oxfordcorpus-fixed-dl-SROIQ/00713.owl.DL.owl.SROIQ.owl,,,,,,,
/home/ms23af/sequoiarsync/parallel-sequoia/testing/data/oxfordcorpus-fixed-dl-SROIQ/00714.owl.DL.owl.SROIQ.owl,,,,,,,
/home/ms23af/sequoiarsync/parallel-sequoia/testing/data/oxfordcorpus-fixed-dl-SROIQ/00715.owl.DL.owl.SROIQ.owl,,,,,,,
/home/ms23af/sequoiarsync/parallel-sequoia/testing/data/oxfordcorpus-fixed-dl-SROIQ/00716.owl.DL.owl.SROIQ.owl,,,,,,,
/home/ms23af/sequoiarsync/parallel-sequoia/testing/data/oxfordcorpus-fixed-dl-SROIQ/00717.owl.DL.owl.SROIQ.owl,,,,,,,
/home/ms23af/sequoiarsync/parallel-sequoia/testing/data/oxfordcorpus-fixed-dl-SROIQ/00718.owl.DL.owl.SROIQ.owl,,,,,,,
/home/ms23af/sequoiarsync/parallel-sequoia/testing/data/oxfordcorpus-fixed-dl-SROIQ/00719.owl.DL.owl.SROIQ.owl,,,,,,,
/home/ms23af/sequoiarsync/parallel-sequoia/testing/data/oxfordcorpus-fixed-dl-SROIQ/00720.owl.DL.owl.SROIQ.owl,,,,,,,
/home/ms23af/sequoiarsync/parallel-sequoia/testing/data/oxfordcorpus-fixed-dl-SROIQ/00721.owl.DL.owl.SROIQ.owl,,,,,,,
/home/ms23af/sequoiarsync/parallel-sequoia/testing/data/oxfordcorpus-fixed-dl-SROIQ/00722.owl.DL.owl.SROIQ.owl,,,,,,,
/home/ms23af/sequoiarsync/parallel-sequoia/testing/data/oxfordcorpus-fixed-dl-SROIQ/00723.owl.DL.owl.SROIQ.owl,,,,,,,
/home/ms23af/sequoiarsync/parallel-sequoia/testing/data/oxfordcorpus-fixed-dl-SROIQ/00724.owl.DL.owl.SROIQ.owl,,,,,,,
/home/ms23af/sequoiarsync/parallel-sequoia/testing/data/oxfordcorpus-fixed-dl-SROIQ/00725.owl.DL.owl.SROIQ.owl,,,,,,,
/home/ms23af/sequoiarsync/parallel-sequoia/testing/data/oxfordcorpus-fixed-dl-SROIQ/00726.owl.DL.owl.SROIQ.owl,,,,,,,
/home/ms23af/sequoiarsync/parallel-sequoia/testing/data/oxfordcorpus-fixed-dl-SROIQ/00727.owl.DL.owl.SROIQ.owl,,,,,,,
/home/ms23af/sequoiarsync/parallel-sequoia/testing/data/oxfordcorpus-fixed-dl-SROIQ/00728.owl.DL.owl.SROIQ.owl,,,,,,,
/home/ms23af/sequoiarsync/parallel-sequoia/testing/data/oxfordcorpus-fixed-dl-SROIQ/00729.owl.DL.owl.SROIQ.owl,,,,,,,
/home/ms23af/sequoiarsync/parallel-sequoia/testing/data/oxfordcorpus-fixed-dl-SROIQ/00730.owl.DL.owl.SROIQ.owl,,,,,,,
/home/ms23af/sequoiarsync/parallel-sequoia/testing/data/oxfordcorpus-fixed-dl-SROIQ/00731.owl.DL.owl.SROIQ.owl,,,,,,,
/home/ms23af/sequoiarsync/parallel-sequoia/testing/data/oxfordcorpus-fixed-dl-SROIQ/00732.owl.DL.owl.SROIQ.owl,,,,,,,
/home/ms23af/sequoiarsync/parallel-sequoia/testing/data/oxfordcorpus-fixed-dl-SROIQ/00733.owl.DL.owl.SROIQ.owl,,,,,,,
/home/ms23af/sequoiarsync/parallel-sequoia/testing/data/oxfordcorpus-fixed-dl-SROIQ/00734.owl.DL.owl.SROIQ.owl,,,,,,,
/home/ms23af/sequoiarsync/parallel-sequoia/testing/data/oxfordcorpus-fixed-dl-SROIQ/00735.owl.DL.owl.SROIQ.owl,,,,,,,
/home/ms23af/sequoiarsync/parallel-sequoia/testing/data/oxfordcorpus-fixed-dl-SROIQ/00736.owl.DL.owl.SROIQ.owl,,,,,,,
/home/ms23af/sequoiarsync/parallel-sequoia/testing/data/oxfordcorpus-fixed-dl-SROIQ/00737.owl.DL.owl.SROIQ.owl,,,,,,,
/home/ms23af/sequoiarsync/parallel-sequoia/testing/data/oxfordcorpus-fixed-dl-SROIQ/00738.owl.DL.owl.SROIQ.owl,,,,,,,
/home/ms23af/sequoiarsync/parallel-sequoia/testing/data/oxfordcorpus-fixed-dl-SROIQ/00739.owl.DL.owl.SROIQ.owl,,,,,,,
/home/ms23af/sequoiarsync/parallel-sequoia/testing/data/oxfordcorpus-fixed-dl-SROIQ/00740.owl.DL.owl.SROIQ.owl,,,,,,,
/home/ms23af/sequoiarsync/parallel-sequoia/testing/data/oxfordcorpus-fixed-dl-SROIQ/00741.owl.DL.owl.SROIQ.owl,,,,,,,
/home/ms23af/sequoiarsync/parallel-sequoia/testing/data/oxfordcorpus-fixed-dl-SROIQ/00742.owl.DL.owl.SROIQ.owl,,,,,,,
/home/ms23af/sequoiarsync/parallel-sequoia/testing/data/oxfordcorpus-fixed-dl-SROIQ/00743.owl.DL.owl.SROIQ.owl,,,,,,,
/home/ms23af/sequoiarsync/parallel-sequoia/testing/data/oxfordcorpus-fixed-dl-SROIQ/00744.owl.DL.owl.SROIQ.owl,,,,,,,
/home/ms23af/sequoiarsync/parallel-sequoia/testing/data/oxfordcorpus-fixed-dl-SROIQ/00745.owl.DL.owl.SROIQ.owl,,,,,,,
/home/ms23af/sequoiarsync/parallel-sequoia/testing/data/oxfordcorpus-fixed-dl-SROIQ/00746.owl.DL.owl.SROIQ.owl,,,,,,,
/home/ms23af/sequoiarsync/parallel-sequoia/testing/data/oxfordcorpus-fixed-dl-SROIQ/00747.owl.DL.owl.SROIQ.owl,,,,,,,
/home/ms23af/sequoiarsync/parallel-sequoia/testing/data/oxfordcorpus-fixed-dl-SROIQ/00748.owl.DL.owl.SROIQ.owl,,,,,,,
/home/ms23af/sequoiarsync/parallel-sequoia/testing/data/oxfordcorpus-fixed-dl-SROIQ/00749.owl.DL.owl.SROIQ.owl,,,,,,,
/home/ms23af/sequoiarsync/parallel-sequoia/testing/data/oxfordcorpus-fixed-dl-SROIQ/00750.owl.DL.owl.SROIQ.owl,,,,,,,
/home/ms23af/sequoiarsync/parallel-sequoia/testing/data/oxfordcorpus-fixed-dl-SROIQ/00751.owl.DL.owl.SROIQ.owl,,,,,,,
/home/ms23af/sequoiarsync/parallel-sequoia/testing/data/oxfordcorpus-fixed-dl-SROIQ/00752.owl.DL.owl.SROIQ.owl,,,,,,,
/home/ms23af/sequoiarsync/parallel-sequoia/testing/data/oxfordcorpus-fixed-dl-SROIQ/00753.owl.DL.owl.SROIQ.owl,,,,,,,
/home/ms23af/sequoiarsync/parallel-sequoia/testing/data/oxfordcorpus-fixed-dl-SROIQ/00754.owl.DL.owl.SROIQ.owl,,,,,,,
/home/ms23af/sequoiarsync/parallel-sequoia/testing/data/oxfordcorpus-fixed-dl-SROIQ/00755.owl.DL.owl.SROIQ.owl,,,,,,,
/home/ms23af/sequoiarsync/parallel-sequoia/testing/data/oxfordcorpus-fixed-dl-SROIQ/00756.owl.DL.owl.SROIQ.owl,,,,,,,
/home/ms23af/sequoiarsync/parallel-sequoia/testing/data/oxfordcorpus-fixed-dl-SROIQ/00757.owl.DL.owl.SROIQ.owl,,,,,,,
/home/ms23af/sequoiarsync/parallel-sequoia/testing/data/oxfordcorpus-fixed-dl-SROIQ/00758.owl.DL.owl.SROIQ.owl,,,,,,,
/home/ms23af/sequoiarsync/parallel-sequoia/testing/data/oxfordcorpus-fixed-dl-SROIQ/00759.owl.DL.owl.SROIQ.owl,,,,,,,
/home/ms23af/sequoiarsync/parallel-sequoia/testing/data/oxfordcorpus-fixed-dl-SROIQ/00760.owl.DL.owl.SROIQ.owl,,,,,,,
/home/ms23af/sequoiarsync/parallel-sequoia/testing/data/oxfordcorpus-fixed-dl-SROIQ/00761.owl.DL.owl.SROIQ.owl,,,,,,,
/home/ms23af/sequoiarsync/parallel-sequoia/testing/data/oxfordcorpus-fixed-dl-SROIQ/00762.owl.DL.owl.SROIQ.owl,,,,,,,
/home/ms23af/sequoiarsync/parallel-sequoia/testing/data/oxfordcorpus-fixed-dl-SROIQ/00763.owl.DL.owl.SROIQ.owl,,,,,,,
/home/ms23af/sequoiarsync/parallel-sequoia/testing/data/oxfordcorpus-fixed-dl-SROIQ/00764.owl.DL.owl.SROIQ.owl,,,,,,,
/home/ms23af/sequoiarsync/parallel-sequoia/testing/data/oxfordcorpus-fixed-dl-SROIQ/00765.owl.DL.owl.SROIQ.owl,,,,,,,
/home/ms23af/sequoiarsync/parallel-sequoia/testing/data/oxfordcorpus-fixed-dl-SROIQ/00766.owl.DL.owl.SROIQ.owl,,,,,,,
/home/ms23af/sequoiarsync/parallel-sequoia/testing/data/oxfordcorpus-fixed-dl-SROIQ/00767.owl.DL.owl.SROIQ.owl,,,,,,,
/home/ms23af/sequoiarsync/parallel-sequoia/testing/data/oxfordcorpus-fixed-dl-SROIQ/00768.owl.DL.owl.SROIQ.owl,,,,,,,
/home/ms23af/sequoiarsync/parallel-sequoia/testing/data/oxfordcorpus-fixed-dl-SROIQ/00769.owl.DL.owl.SROIQ.owl,,,,,,,
/home/ms23af/sequoiarsync/parallel-sequoia/testing/data/oxfordcorpus-fixed-dl-SROIQ/00770.owl.DL.owl.SROIQ.owl,,,,,,,
/home/ms23af/sequoiarsync/parallel-sequoia/testing/data/oxfordcorpus-fixed-dl-SROIQ/00771.owl.DL.owl.SROIQ.owl,,,,,,,
/home/ms23af/sequoiarsync/parallel-sequoia/testing/data/oxfordcorpus-fixed-dl-SROIQ/00772.owl.DL.owl.SROIQ.owl,,,,,,,
/home/ms23af/sequoiarsync/parallel-sequoia/testing/data/oxfordcorpus-fixed-dl-SROIQ/00773.owl.DL.owl.SROIQ.owl,,,,,,,
/home/ms23af/sequoiarsync/parallel-sequoia/testing/data/oxfordcorpus-fixed-dl-SROIQ/00774.owl.DL.owl.SROIQ.owl,,,,,,,
/home/ms23af/sequoiarsync/parallel-sequoia/testing/data/oxfordcorpus-fixed-dl-SROIQ/00775.owl.DL.owl.SROIQ.owl,,,,,,,
/home/ms23af/sequoiarsync/parallel-sequoia/testing/data/oxfordcorpus-fixed-dl-SROIQ/00776.owl.DL.owl.SROIQ.owl,,,,,,,
/home/ms23af/sequoiarsync/parallel-sequoia/testing/data/oxfordcorpus-fixed-dl-SROIQ/00777.owl.DL.owl.SROIQ.owl,,,,,,,
/home/ms23af/sequoiarsync/parallel-sequoia/testing/data/oxfordcorpus-fixed-dl-SROIQ/00778.owl.DL.owl.SROIQ.owl,,,,,,,
/home/ms23af/sequoiarsync/parallel-sequoia/testing/data/oxfordcorpus-fixed-dl-SROIQ/00779.owl.DL.owl.SROIQ.owl,,,,,,,
/home/ms23af/sequoiarsync/parallel-sequoia/testing/data/oxfordcorpus-fixed-dl-SROIQ/00780.owl.DL.owl.SROIQ.owl,,,,,,,
/home/ms23af/sequoiarsync/parallel-sequoia/testing/data/oxfordcorpus-fixed-dl-SROIQ/00781.owl.DL.owl.SROIQ.owl,,,,,,,
/home/ms23af/sequoiarsync/parallel-sequoia/testing/data/oxfordcorpus-fixed-dl-SROIQ/00782.owl.DL.owl.SROIQ.owl,,,,,,,
/home/ms23af/sequoiarsync/parallel-sequoia/testing/data/oxfordcorpus-fixed-dl-SROIQ/00783.owl.DL.owl.SROIQ.owl,,,,,,,
/home/ms23af/sequoiarsync/parallel-sequoia/testing/data/oxfordcorpus-fixed-dl-SROIQ/00784.owl.DL.owl.SROIQ.owl,,,,,,,
/home/ms23af/sequoiarsync/parallel-sequoia/testing/data/oxfordcorpus-fixed-dl-SROIQ/00785.owl.DL.owl.SROIQ.owl,,,,,,,
/home/ms23af/sequoiarsync/parallel-sequoia/testing/data/oxfordcorpus-fixed-dl-SROIQ/00786.owl.DL.owl.SROIQ.owl,,,,,,,
/home/ms23af/sequoiarsync/parallel-sequoia/testing/data/oxfordcorpus-fixed-dl-SROIQ/00787.owl.DL.owl.SROIQ.owl,,,,,,,
/home/ms23af/sequoiarsync/parallel-sequoia/testing/data/oxfordcorpus-fixed-dl-SROIQ/00788.owl.DL.owl.SROIQ.owl,,,,,,,
/home/ms23af/sequoiarsync/parallel-sequoia/testing/data/oxfordcorpus-fixed-dl-SROIQ/00789.owl.DL.owl.SROIQ.owl,,,,,,,
/home/ms23af/sequoiarsync/parallel-sequoia/testing/data/oxfordcorpus-fixed-dl-SROIQ/00790.owl.DL.owl.SROIQ.owl,,,,,,,
/home/ms23af/sequoiarsync/parallel-sequoia/testing/data/oxfordcorpus-fixed-dl-SROIQ/00791.owl.DL.owl.SROIQ.owl,,,,,,,
/home/ms23af/sequoiarsync/parallel-sequoia/testing/data/oxfordcorpus-fixed-dl-SROIQ/00792.owl.DL.owl.SROIQ.owl,,,,,,,
/home/ms23af/sequoiarsync/parallel-sequoia/testing/data/oxfordcorpus-fixed-dl-SROIQ/00793.owl.DL.owl.SROIQ.owl,,,,,,,
/home/ms23af/sequoiarsync/parallel-sequoia/testing/data/oxfordcorpus-fixed-dl-SROIQ/00794.owl.DL.owl.SROIQ.owl,,,,,,,
/home/ms23af/sequoiarsync/parallel-sequoia/testing/data/oxfordcorpus-fixed-dl-SROIQ/00795.owl.DL.owl.SROIQ.owl,,,,,,,
/home/ms23af/sequoiarsync/parallel-sequoia/testing/data/oxfordcorpus-fixed-dl-SROIQ/00796.owl.DL.owl.SROIQ.owl,,,,,,,
/home/ms23af/sequoiarsync/parallel-sequoia/testing/data/oxfordcorpus-fixed-dl-SROIQ/00797.owl.DL.owl.SROIQ.owl,,,,,,,
